slug,display_name_en,category,muscle_group,confidence,duplicate_of_existing_slug,source_folder_en,source_filename_reference_only,unresolved_terms_debug,source_abs_path
abdominal-bicycle-1,Abdominal bicycle 1,strength,core_abs,high,no,Strength / Core Abs (ABDOMEN CORE (1)),Abdominal bicleta (1).gif,,C:\Users\ADMIN\Desktop\gif exercises\BIBLIOTECA DE EJERCICIOS\5° GIFs DE MUSCULACIÓN\ABDOMEN CORE (1)\Abdominal bicleta (1).gif
abdominal-with-rotation-of-trunk-1,Abdominal with rotation of trunk 1,strength,core_abs,high,no,Strength / Core Abs (ABDOMEN CORE (1)),Abdominal com rotação de tronco (1).gif,,C:\Users\ADMIN\Desktop\gif exercises\BIBLIOTECA DE EJERCICIOS\5° GIFs DE MUSCULACIÓN\ABDOMEN CORE (1)\Abdominal com rotação de tronco (1).gif
abdominal-decline-1,Abdominal decline 1,strength,core_abs,high,no,Strength / Core Abs (ABDOMEN CORE (1)),Abdominal declinado (1).gif,,C:\Users\ADMIN\Desktop\gif exercises\BIBLIOTECA DE EJERCICIOS\5° GIFs DE MUSCULACIÓN\ABDOMEN CORE (1)\Abdominal declinado (1).gif
abdominal-holding-ball-1,Abdominal holding ball 1,strength,core_abs,high,no,Strength / Core Abs (ABDOMEN CORE (1)),Abdominal pegando a bola (1).gif,,C:\Users\ADMIN\Desktop\gif exercises\BIBLIOTECA DE EJERCICIOS\5° GIFs DE MUSCULACIÓN\ABDOMEN CORE (1)\Abdominal pegando a bola (1).gif
abs-ab-wheel-1,Abs ab wheel 1,strength,core_abs,high,no,Strength / Core Abs (ABDOMEN CORE (1)),ABS  rolinho (1).gif,,C:\Users\ADMIN\Desktop\gif exercises\BIBLIOTECA DE EJERCICIOS\5° GIFs DE MUSCULACIÓN\ABDOMEN CORE (1)\ABS  rolinho (1).gif
abs-alternating-with-rotation-1,Abs alternating with rotation 1,strength,core_abs,high,no,Strength / Core Abs (ABDOMEN CORE (1)),ABS alternado com rotação (1).gif,,C:\Users\ADMIN\Desktop\gif exercises\BIBLIOTECA DE EJERCICIOS\5° GIFs DE MUSCULACIÓN\ABDOMEN CORE (1)\ABS alternado com rotação (1).gif
abs-alternating-legs-1,Abs alternating legs 1,strength,core_abs,high,no,Strength / Core Abs (ABDOMEN CORE (1)),ABS alternando pernas (1).gif,,C:\Users\ADMIN\Desktop\gif exercises\BIBLIOTECA DE EJERCICIOS\5° GIFs DE MUSCULACIÓN\ABDOMEN CORE (1)\ABS alternando pernas (1).gif
abs-bench-1,Abs bench 1,strength,core_abs,high,no,Strength / Core Abs (ABDOMEN CORE (1)),Abs banco (1).gif,,C:\Users\ADMIN\Desktop\gif exercises\BIBLIOTECA DE EJERCICIOS\5° GIFs DE MUSCULACIÓN\ABDOMEN CORE (1)\Abs banco (1).gif
abs-bench-decline-full-1,Abs bench decline full 1,strength,core_abs,high,no,Strength / Core Abs (ABDOMEN CORE (1)),ABS banco declinado completo (1).gif,,C:\Users\ADMIN\Desktop\gif exercises\BIBLIOTECA DE EJERCICIOS\5° GIFs DE MUSCULACIÓN\ABDOMEN CORE (1)\ABS banco declinado completo (1).gif
abs-ball-flexion-of-hip-1,Abs ball flexion of hip 1,strength,core_abs,high,no,Strength / Core Abs (ABDOMEN CORE (1)),Abs bola flexão de quadril (1).gif,,C:\Users\ADMIN\Desktop\gif exercises\BIBLIOTECA DE EJERCICIOS\5° GIFs DE MUSCULACIÓN\ABDOMEN CORE (1)\Abs bola flexão de quadril (1).gif
abs-butterfly-1,Abs butterfly 1,strength,core_abs,high,no,Strength / Core Abs (ABDOMEN CORE (1)),ABS borboleta (1).gif,,C:\Users\ADMIN\Desktop\gif exercises\BIBLIOTECA DE EJERCICIOS\5° GIFs DE MUSCULACIÓN\ABDOMEN CORE (1)\ABS borboleta (1).gif
abs-load-on-feet-1,Abs load on feet 1,strength,core_abs,high,no,Strength / Core Abs (ABDOMEN CORE (1)),ABS carga nos pés (1).gif,,C:\Users\ADMIN\Desktop\gif exercises\BIBLIOTECA DE EJERCICIOS\5° GIFs DE MUSCULACIÓN\ABDOMEN CORE (1)\ABS carga nos pés (1).gif
abs-with-flexion-lateral-1,Abs with flexion lateral 1,strength,core_abs,high,no,Strength / Core Abs (ABDOMEN CORE (1)),ABS com flexão lateral (1).gif,,C:\Users\ADMIN\Desktop\gif exercises\BIBLIOTECA DE EJERCICIOS\5° GIFs DE MUSCULACIÓN\ABDOMEN CORE (1)\ABS com flexão lateral (1).gif
abs-full-1,Abs full 1,strength,core_abs,high,no,Strength / Core Abs (ABDOMEN CORE (1)),ABS completo (1).gif,,C:\Users\ADMIN\Desktop\gif exercises\BIBLIOTECA DE EJERCICIOS\5° GIFs DE MUSCULACIÓN\ABDOMEN CORE (1)\ABS completo (1).gif
abs-full-touching-feet-1,Abs full touching feet 1,strength,core_abs,high,no,Strength / Core Abs (ABDOMEN CORE (1)),Abs completo tocando os pés (1).gif,,C:\Users\ADMIN\Desktop\gif exercises\BIBLIOTECA DE EJERCICIOS\5° GIFs DE MUSCULACIÓN\ABDOMEN CORE (1)\Abs completo tocando os pés (1).gif
abs-short-legs-raised-1,Abs short legs raised 1,strength,core_abs,high,no,Strength / Core Abs (ABDOMEN CORE (1)),ABS curto pernas elevadas (1).gif,,C:\Users\ADMIN\Desktop\gif exercises\BIBLIOTECA DE EJERCICIOS\5° GIFs DE MUSCULACIÓN\ABDOMEN CORE (1)\ABS curto pernas elevadas (1).gif
abs-flow-1,Abs flow 1,strength,core_abs,high,no,Strength / Core Abs (ABDOMEN CORE (1)),Abs flog (1).gif,,C:\Users\ADMIN\Desktop\gif exercises\BIBLIOTECA DE EJERCICIOS\5° GIFs DE MUSCULACIÓN\ABDOMEN CORE (1)\Abs flog (1).gif
abs-lower-1,Abs lower 1,strength,core_abs,high,no,Strength / Core Abs (ABDOMEN CORE (1)),ABS infra (1).gif,,C:\Users\ADMIN\Desktop\gif exercises\BIBLIOTECA DE EJERCICIOS\5° GIFs DE MUSCULACIÓN\ABDOMEN CORE (1)\ABS infra (1).gif
abs-lower-supported-1,Abs lower supported 1,strength,core_abs,high,no,Strength / Core Abs (ABDOMEN CORE (1)),Abs infra apoiado (1).gif,,C:\Users\ADMIN\Desktop\gif exercises\BIBLIOTECA DE EJERCICIOS\5° GIFs DE MUSCULACIÓN\ABDOMEN CORE (1)\Abs infra apoiado (1).gif
abs-isometric-alternating-legs-1,Abs isometric alternating legs 1,strength,core_abs,high,no,Strength / Core Abs (ABDOMEN CORE (1)),Abs isométrico alternando pernas (1).gif,,C:\Users\ADMIN\Desktop\gif exercises\BIBLIOTECA DE EJERCICIOS\5° GIFs DE MUSCULACIÓN\ABDOMEN CORE (1)\Abs isométrico alternando pernas (1).gif
abs-lateral-1,Abs lateral 1,strength,core_abs,high,no,Strength / Core Abs (ABDOMEN CORE (1)),Abs lateral (1).gif,,C:\Users\ADMIN\Desktop\gif exercises\BIBLIOTECA DE EJERCICIOS\5° GIFs DE MUSCULACIÓN\ABDOMEN CORE (1)\Abs lateral (1).gif
abs-machine-1,Abs machine 1,strength,core_abs,high,no,Strength / Core Abs (ABDOMEN CORE (1)),ABS máquina (1).gif,,C:\Users\ADMIN\Desktop\gif exercises\BIBLIOTECA DE EJERCICIOS\5° GIFs DE MUSCULACIÓN\ABDOMEN CORE (1)\ABS máquina (1).gif
abs-oblique-1,Abs oblique 1,strength,core_abs,high,no,Strength / Core Abs (ABDOMEN CORE (1)),ABS obliquo (1).gif,,C:\Users\ADMIN\Desktop\gif exercises\BIBLIOTECA DE EJERCICIOS\5° GIFs DE MUSCULACIÓN\ABDOMEN CORE (1)\ABS obliquo (1).gif
abs-oblique-3-1,Abs oblique 3 1,strength,core_abs,high,no,Strength / Core Abs (ABDOMEN CORE (1)),ABS oblíquo 3 (1).gif,,C:\Users\ADMIN\Desktop\gif exercises\BIBLIOTECA DE EJERCICIOS\5° GIFs DE MUSCULACIÓN\ABDOMEN CORE (1)\ABS oblíquo 3 (1).gif
abs-oblique-legs-extended-1,Abs oblique legs extended 1,strength,core_abs,high,no,Strength / Core Abs (ABDOMEN CORE (1)),ABS oblíquo pernas extendidas (1).gif,,C:\Users\ADMIN\Desktop\gif exercises\BIBLIOTECA DE EJERCICIOS\5° GIFs DE MUSCULACIÓN\ABDOMEN CORE (1)\ABS oblíquo pernas extendidas (1).gif
abs-legs-alternating-1,Abs legs alternating 1,strength,core_abs,high,no,Strength / Core Abs (ABDOMEN CORE (1)),ABs pernas alternando (1).gif,,C:\Users\ADMIN\Desktop\gif exercises\BIBLIOTECA DE EJERCICIOS\5° GIFs DE MUSCULACIÓN\ABDOMEN CORE (1)\ABs pernas alternando (1).gif
abs-pulley-high-1,Abs pulley high 1,strength,core_abs,high,no,Strength / Core Abs (ABDOMEN CORE (1)),ABS polia alta (1).gif,,C:\Users\ADMIN\Desktop\gif exercises\BIBLIOTECA DE EJERCICIOS\5° GIFs DE MUSCULACIÓN\ABDOMEN CORE (1)\ABS polia alta (1).gif
abs-pulley-high-2-1,Abs pulley high 2 1,strength,core_abs,high,no,Strength / Core Abs (ABDOMEN CORE (1)),ABS polia alta 2 (1).gif,,C:\Users\ADMIN\Desktop\gif exercises\BIBLIOTECA DE EJERCICIOS\5° GIFs DE MUSCULACIÓN\ABDOMEN CORE (1)\ABS polia alta 2 (1).gif
abs-rower-legs-extended-1,Abs rower legs extended 1,strength,core_abs,high,no,Strength / Core Abs (ABDOMEN CORE (1)),ABS remador pernas extendidas (1).gif,,C:\Users\ADMIN\Desktop\gif exercises\BIBLIOTECA DE EJERCICIOS\5° GIFs DE MUSCULACIÓN\ABDOMEN CORE (1)\ABS remador pernas extendidas (1).gif
abs-ab-wheel-with-bar-1,Abs ab wheel with bar 1,strength,core_abs,high,no,Strength / Core Abs (ABDOMEN CORE (1)),ABS rolinho com barra (1).gif,,C:\Users\ADMIN\Desktop\gif exercises\BIBLIOTECA DE EJERCICIOS\5° GIFs DE MUSCULACIÓN\ABDOMEN CORE (1)\ABS rolinho com barra (1).gif
abs-scissor-1,Abs scissor 1,strength,core_abs,high,no,Strength / Core Abs (ABDOMEN CORE (1)),ABS tesoura (1).gif,,C:\Users\ADMIN\Desktop\gif exercises\BIBLIOTECA DE EJERCICIOS\5° GIFs DE MUSCULACIÓN\ABDOMEN CORE (1)\ABS tesoura (1).gif
abs-touching-feet-2-1,Abs touching feet 2 1,strength,core_abs,high,no,Strength / Core Abs (ABDOMEN CORE (1)),ABS tocando os pés 2 (1).gif,,C:\Users\ADMIN\Desktop\gif exercises\BIBLIOTECA DE EJERCICIOS\5° GIFs DE MUSCULACIÓN\ABDOMEN CORE (1)\ABS tocando os pés 2 (1).gif
ball-sit-up-1,Ball sit up 1,strength,core_abs,high,no,Strength / Core Abs (ABDOMEN CORE (1)),ball-sit-up (1).gif,,C:\Users\ADMIN\Desktop\gif exercises\BIBLIOTECA DE EJERCICIOS\5° GIFs DE MUSCULACIÓN\ABDOMEN CORE (1)\ball-sit-up (1).gif
bicycle-2-1,Bicycle 2 1,strength,core_abs,high,no,Strength / Core Abs (ABDOMEN CORE (1)),Bicicleta 2 (1).gif,,C:\Users\ADMIN\Desktop\gif exercises\BIBLIOTECA DE EJERCICIOS\5° GIFs DE MUSCULACIÓN\ABDOMEN CORE (1)\Bicicleta 2 (1).gif
conventional-sit-up-1,Conventional sit up 1,strength,core_abs,high,no,Strength / Core Abs (ABDOMEN CORE (1)),conventional-sit-up (1).gif,,C:\Users\ADMIN\Desktop\gif exercises\BIBLIOTECA DE EJERCICIOS\5° GIFs DE MUSCULACIÓN\ABDOMEN CORE (1)\conventional-sit-up (1).gif
crunch-1,Crunch 1,strength,core_abs,high,no,Strength / Core Abs (ABDOMEN CORE (1)),crunch (1).gif,,C:\Users\ADMIN\Desktop\gif exercises\BIBLIOTECA DE EJERCICIOS\5° GIFs DE MUSCULACIÓN\ABDOMEN CORE (1)\crunch (1).gif
crunch-3-1,Crunch 3 1,strength,core_abs,high,no,Strength / Core Abs (ABDOMEN CORE (1)),Crunch 3 (1).gif,,C:\Users\ADMIN\Desktop\gif exercises\BIBLIOTECA DE EJERCICIOS\5° GIFs DE MUSCULACIÓN\ABDOMEN CORE (1)\Crunch 3 (1).gif
crunch-4-1,Crunch 4 1,strength,core_abs,high,no,Strength / Core Abs (ABDOMEN CORE (1)),Crunch 4 (1).gif,,C:\Users\ADMIN\Desktop\gif exercises\BIBLIOTECA DE EJERCICIOS\5° GIFs DE MUSCULACIÓN\ABDOMEN CORE (1)\Crunch 4 (1).gif
crunch-with-load-1,Crunch with load 1,strength,core_abs,high,no,Strength / Core Abs (ABDOMEN CORE (1)),Crunch com carga (1).gif,,C:\Users\ADMIN\Desktop\gif exercises\BIBLIOTECA DE EJERCICIOS\5° GIFs DE MUSCULACIÓN\ABDOMEN CORE (1)\Crunch com carga (1).gif
crunch-legs-raised-1,Crunch legs raised 1,strength,core_abs,high,no,Strength / Core Abs (ABDOMEN CORE (1)),Crunch pernas elevadas (1).gif,,C:\Users\ADMIN\Desktop\gif exercises\BIBLIOTECA DE EJERCICIOS\5° GIFs DE MUSCULACIÓN\ABDOMEN CORE (1)\Crunch pernas elevadas (1).gif
crunch-reverse-1,Crunch reverse 1,strength,core_abs,high,no,Strength / Core Abs (ABDOMEN CORE (1)),Crunch reverso (1).gif,,C:\Users\ADMIN\Desktop\gif exercises\BIBLIOTECA DE EJERCICIOS\5° GIFs DE MUSCULACIÓN\ABDOMEN CORE (1)\Crunch reverso (1).gif
crunch-floor-1,Crunch floor 1,strength,core_abs,high,no,Strength / Core Abs (ABDOMEN CORE (1)),crunch-floor (1).gif,,C:\Users\ADMIN\Desktop\gif exercises\BIBLIOTECA DE EJERCICIOS\5° GIFs DE MUSCULACIÓN\ABDOMEN CORE (1)\crunch-floor (1).gif
crunch-with-leg-raise-1,Crunch with leg raise 1,strength,core_abs,high,no,Strength / Core Abs (ABDOMEN CORE (1)),Crunch-With-Leg-Raise (1).gif,,C:\Users\ADMIN\Desktop\gif exercises\BIBLIOTECA DE EJERCICIOS\5° GIFs DE MUSCULACIÓN\ABDOMEN CORE (1)\Crunch-With-Leg-Raise (1).gif
dead-bug-1,Dead bug 1,strength,core_abs,high,no,Strength / Core Abs (ABDOMEN CORE (1)),Dead bug (1).gif,,C:\Users\ADMIN\Desktop\gif exercises\BIBLIOTECA DE EJERCICIOS\5° GIFs DE MUSCULACIÓN\ABDOMEN CORE (1)\Dead bug (1).gif
dragon-flag-1,Dragon-flag 1,strength,core_abs,needs_review,no,Strength / Core Abs (ABDOMEN CORE (1)),dragon-flag (1).gif,dragon-flag,C:\Users\ADMIN\Desktop\gif exercises\BIBLIOTECA DE EJERCICIOS\5° GIFs DE MUSCULACIÓN\ABDOMEN CORE (1)\dragon-flag (1).gif
raise-of-legs-bench-1,Raise of legs bench 1,strength,core_abs,high,no,Strength / Core Abs (ABDOMEN CORE (1)),Elevação de pernas banco (1).gif,,C:\Users\ADMIN\Desktop\gif exercises\BIBLIOTECA DE EJERCICIOS\5° GIFs DE MUSCULACIÓN\ABDOMEN CORE (1)\Elevação de pernas banco (1).gif
raise-of-legs-solo-1,Raise of legs solo 1,strength,core_abs,high,no,Strength / Core Abs (ABDOMEN CORE (1)),Elevação de pernas solo (1).gif,,C:\Users\ADMIN\Desktop\gif exercises\BIBLIOTECA DE EJERCICIOS\5° GIFs DE MUSCULACIÓN\ABDOMEN CORE (1)\Elevação de pernas solo (1).gif
mountain-climber-1,Mountain climber 1,strength,core_abs,high,no,Strength / Core Abs (ABDOMEN CORE (1)),Escalador (1).gif,,C:\Users\ADMIN\Desktop\gif exercises\BIBLIOTECA DE EJERCICIOS\5° GIFs DE MUSCULACIÓN\ABDOMEN CORE (1)\Escalador (1).gif
mountain-climber-crossed-1,Mountain climber crossed 1,strength,core_abs,high,no,Strength / Core Abs (ABDOMEN CORE (1)),Escalador cruzado (1).gif,,C:\Users\ADMIN\Desktop\gif exercises\BIBLIOTECA DE EJERCICIOS\5° GIFs DE MUSCULACIÓN\ABDOMEN CORE (1)\Escalador cruzado (1).gif
flexion-of-hip-abs-1,Flexion of hip abs 1,strength,core_abs,high,no,Strength / Core Abs (ABDOMEN CORE (1)),Flexão de quadril ABS (1).gif,,C:\Users\ADMIN\Desktop\gif exercises\BIBLIOTECA DE EJERCICIOS\5° GIFs DE MUSCULACIÓN\ABDOMEN CORE (1)\Flexão de quadril ABS (1).gif
flexion-of-hip-bench-1,Flexion of hip bench 1,strength,core_abs,high,no,Strength / Core Abs (ABDOMEN CORE (1)),Flexão de quadril banco (1).gif,,C:\Users\ADMIN\Desktop\gif exercises\BIBLIOTECA DE EJERCICIOS\5° GIFs DE MUSCULACIÓN\ABDOMEN CORE (1)\Flexão de quadril banco (1).gif
flexion-lateral-ball-1,Flexion lateral ball 1,strength,core_abs,high,no,Strength / Core Abs (ABDOMEN CORE (1)),Flexão lateral bola (1).gif,,C:\Users\ADMIN\Desktop\gif exercises\BIBLIOTECA DE EJERCICIOS\5° GIFs DE MUSCULACIÓN\ABDOMEN CORE (1)\Flexão lateral bola (1).gif
frog-crunch-1,Frog-crunch 1,strength,core_abs,needs_review,no,Strength / Core Abs (ABDOMEN CORE (1)),frog-crunch (1).gif,frog-crunch,C:\Users\ADMIN\Desktop\gif exercises\BIBLIOTECA DE EJERCICIOS\5° GIFs DE MUSCULACIÓN\ABDOMEN CORE (1)\frog-crunch (1).gif
hanging-knee-raises-1,Hanging knee raises 1,strength,core_abs,high,no,Strength / Core Abs (ABDOMEN CORE (1)),Hanging-Knee-Raises (1).gif,,C:\Users\ADMIN\Desktop\gif exercises\BIBLIOTECA DE EJERCICIOS\5° GIFs DE MUSCULACIÓN\ABDOMEN CORE (1)\Hanging-Knee-Raises (1).gif
oblique-bench-1,Oblique bench 1,strength,core_abs,high,no,Strength / Core Abs (ABDOMEN CORE (1)),Oblíquo banco (1).gif,,C:\Users\ADMIN\Desktop\gif exercises\BIBLIOTECA DE EJERCICIOS\5° GIFs DE MUSCULACIÓN\ABDOMEN CORE (1)\Oblíquo banco (1).gif
oblique-pulley-low-1,Oblique pulley low 1,strength,core_abs,high,no,Strength / Core Abs (ABDOMEN CORE (1)),oblíquo polia baixa (1).gif,,C:\Users\ADMIN\Desktop\gif exercises\BIBLIOTECA DE EJERCICIOS\5° GIFs DE MUSCULACIÓN\ABDOMEN CORE (1)\oblíquo polia baixa (1).gif
plank-1,Plank 1,strength,core_abs,high,no,Strength / Core Abs (ABDOMEN CORE (1)),Prancha (1).gif,,C:\Users\ADMIN\Desktop\gif exercises\BIBLIOTECA DE EJERCICIOS\5° GIFs DE MUSCULACIÓN\ABDOMEN CORE (1)\Prancha (1).gif
plank-with-flexion-lateral-of-hip-1,Plank with flexion lateral of hip 1,strength,core_abs,high,no,Strength / Core Abs (ABDOMEN CORE (1)),Prancha com flexão lateral de quadril (1).gif,,C:\Users\ADMIN\Desktop\gif exercises\BIBLIOTECA DE EJERCICIOS\5° GIFs DE MUSCULACIÓN\ABDOMEN CORE (1)\Prancha com flexão lateral de quadril (1).gif
plank-dynamic-ball-1,Plank dynamic ball 1,strength,core_abs,high,no,Strength / Core Abs (ABDOMEN CORE (1)),Prancha dinamica bola (1).gif,,C:\Users\ADMIN\Desktop\gif exercises\BIBLIOTECA DE EJERCICIOS\5° GIFs DE MUSCULACIÓN\ABDOMEN CORE (1)\Prancha dinamica bola (1).gif
plank-front-behind-1,Plank front behind 1,strength,core_abs,high,no,Strength / Core Abs (ABDOMEN CORE (1)),Prancha frente trás (1).gif,,C:\Users\ADMIN\Desktop\gif exercises\BIBLIOTECA DE EJERCICIOS\5° GIFs DE MUSCULACIÓN\ABDOMEN CORE (1)\Prancha frente trás (1).gif
plank-lateral-with-flexion-lateral-1,Plank lateral with flexion lateral 1,strength,core_abs,high,no,Strength / Core Abs (ABDOMEN CORE (1)),Prancha lateral com flexão lateral (1).gif,,C:\Users\ADMIN\Desktop\gif exercises\BIBLIOTECA DE EJERCICIOS\5° GIFs DE MUSCULACIÓN\ABDOMEN CORE (1)\Prancha lateral com flexão lateral (1).gif
ab-wheel-full-1,Ab wheel full 1,strength,core_abs,high,no,Strength / Core Abs (ABDOMEN CORE (1)),Rolinho completo (1).gif,,C:\Users\ADMIN\Desktop\gif exercises\BIBLIOTECA DE EJERCICIOS\5° GIFs DE MUSCULACIÓN\ABDOMEN CORE (1)\Rolinho completo (1).gif
rotation-of-trunk-diagonal-low-1,Rotation of trunk diagonal low 1,strength,core_abs,high,no,Strength / Core Abs (ABDOMEN CORE (1)),Rotação de tronco diagonal baixa (1).gif,,C:\Users\ADMIN\Desktop\gif exercises\BIBLIOTECA DE EJERCICIOS\5° GIFs DE MUSCULACIÓN\ABDOMEN CORE (1)\Rotação de tronco diagonal baixa (1).gif
russian-twist-1,Russian twist 1,strength,core_abs,high,no,Strength / Core Abs (ABDOMEN CORE (1)),Russian twist (1).gif,,C:\Users\ADMIN\Desktop\gif exercises\BIBLIOTECA DE EJERCICIOS\5° GIFs DE MUSCULACIÓN\ABDOMEN CORE (1)\Russian twist (1).gif
v-sit-ups-1,V sit ups 1,strength,core_abs,high,no,Strength / Core Abs (ABDOMEN CORE (1)),v-sit-ups (1).gif,,C:\Users\ADMIN\Desktop\gif exercises\BIBLIOTECA DE EJERCICIOS\5° GIFs DE MUSCULACIÓN\ABDOMEN CORE (1)\v-sit-ups (1).gif
weightedsitups-1,Weightedsitups 1,strength,core_abs,needs_review,no,Strength / Core Abs (ABDOMEN CORE (1)),weightedsitups (1).gif,weightedsitups,C:\Users\ADMIN\Desktop\gif exercises\BIBLIOTECA DE EJERCICIOS\5° GIFs DE MUSCULACIÓN\ABDOMEN CORE (1)\weightedsitups (1).gif
abduction-machine-1,Abduction machine 1,strength,shoulders,high,no,Strength / Shoulders (DELTOIDES (1)),Abdução máquina (1).gif,,C:\Users\ADMIN\Desktop\gif exercises\BIBLIOTECA DE EJERCICIOS\5° GIFs DE MUSCULACIÓN\DELTOIDES (1)\Abdução máquina (1).gif
arnold-press-female-1,Arnold press female 1,strength,shoulders,high,no,Strength / Shoulders (DELTOIDES (1)),Arnol press femino (1).gif,,C:\Users\ADMIN\Desktop\gif exercises\BIBLIOTECA DE EJERCICIOS\5° GIFs DE MUSCULACIÓN\DELTOIDES (1)\Arnol press femino (1).gif
arnold-press-1,Arnold press 1,strength,shoulders,high,no,Strength / Shoulders (DELTOIDES (1)),Arnolda press (1).gif,,C:\Users\ADMIN\Desktop\gif exercises\BIBLIOTECA DE EJERCICIOS\5° GIFs DE MUSCULACIÓN\DELTOIDES (1)\Arnolda press (1).gif
barbell-push-jerk-muscles-1,Barbell push jerk muscles 1,strength,shoulders,high,no,Strength / Shoulders (DELTOIDES (1)),barbell-push-jerk-muscles (1).gif,,C:\Users\ADMIN\Desktop\gif exercises\BIBLIOTECA DE EJERCICIOS\5° GIFs DE MUSCULACIÓN\DELTOIDES (1)\barbell-push-jerk-muscles (1).gif
fly-reversed-cable-1,Fly reversed cable 1,strength,shoulders,high,no,Strength / Shoulders (DELTOIDES (1)),Crucifixo invertido cabo (1).gif,,C:\Users\ADMIN\Desktop\gif exercises\BIBLIOTECA DE EJERCICIOS\5° GIFs DE MUSCULACIÓN\DELTOIDES (1)\Crucifixo invertido cabo (1).gif
fly-reversed-with-dumbbells-1-1,Fly reversed with dumbbells 1 1,strength,shoulders,high,no,Strength / Shoulders (DELTOIDES (1)),Crucifixo invertido com halteres 1 (1).gif,,C:\Users\ADMIN\Desktop\gif exercises\BIBLIOTECA DE EJERCICIOS\5° GIFs DE MUSCULACIÓN\DELTOIDES (1)\Crucifixo invertido com halteres 1 (1).gif
fly-reversed-on-machine-1,Fly reversed on machine 1,strength,shoulders,high,no,Strength / Shoulders (DELTOIDES (1)),Crucifixo invertido na máqina (1).gif,,C:\Users\ADMIN\Desktop\gif exercises\BIBLIOTECA DE EJERCICIOS\5° GIFs DE MUSCULACIÓN\DELTOIDES (1)\Crucifixo invertido na máqina (1).gif
fly-inverted-with-dumbbells-01-1,Fly inverted with dumbbells 01 1,strength,shoulders,high,no,Strength / Shoulders (DELTOIDES (1)),Crucifixo inverto com halteres 01 (1).gif,,C:\Users\ADMIN\Desktop\gif exercises\BIBLIOTECA DE EJERCICIOS\5° GIFs DE MUSCULACIÓN\DELTOIDES (1)\Crucifixo inverto com halteres 01 (1).gif
shoulder-press-1,Shoulder press 1,strength,shoulders,high,no,Strength / Shoulders (DELTOIDES (1)),Desenvolvimento (1).gif,,C:\Users\ADMIN\Desktop\gif exercises\BIBLIOTECA DE EJERCICIOS\5° GIFs DE MUSCULACIÓN\DELTOIDES (1)\Desenvolvimento (1).gif
shoulder-press-with-dumbbells-1,Shoulder press with dumbbells 1,strength,shoulders,high,no,Strength / Shoulders (DELTOIDES (1)),Desenvolvimento com halteres (1).gif,,C:\Users\ADMIN\Desktop\gif exercises\BIBLIOTECA DE EJERCICIOS\5° GIFs DE MUSCULACIÓN\DELTOIDES (1)\Desenvolvimento com halteres (1).gif
shoulder-press-machine-1,Shoulder press machine 1,strength,shoulders,high,no,Strength / Shoulders (DELTOIDES (1)),Desenvolvimento máquina (1).gif,,C:\Users\ADMIN\Desktop\gif exercises\BIBLIOTECA DE EJERCICIOS\5° GIFs DE MUSCULACIÓN\DELTOIDES (1)\Desenvolvimento máquina (1).gif
shoulder-press-on-cable-1,Shoulder press on cable 1,strength,shoulders,high,no,Strength / Shoulders (DELTOIDES (1)),Desenvolvimento no cabo (1).gif,,C:\Users\ADMIN\Desktop\gif exercises\BIBLIOTECA DE EJERCICIOS\5° GIFs DE MUSCULACIÓN\DELTOIDES (1)\Desenvolvimento no cabo (1).gif
shoulder-press-on-smith-machine-1,Shoulder press on smith machine 1,strength,shoulders,high,no,Strength / Shoulders (DELTOIDES (1)),Desenvolvimento no smith (1).gif,,C:\Users\ADMIN\Desktop\gif exercises\BIBLIOTECA DE EJERCICIOS\5° GIFs DE MUSCULACIÓN\DELTOIDES (1)\Desenvolvimento no smith (1).gif
shoulder-press-neck-1,Shoulder press neck 1,strength,shoulders,high,no,Strength / Shoulders (DELTOIDES (1)),Desenvolvimento nuca (1).gif,,C:\Users\ADMIN\Desktop\gif exercises\BIBLIOTECA DE EJERCICIOS\5° GIFs DE MUSCULACIÓN\DELTOIDES (1)\Desenvolvimento nuca (1).gif
shoulder-press-unilateral-1,Shoulder press unilateral 1,strength,shoulders,high,no,Strength / Shoulders (DELTOIDES (1)),Desenvolvimento unilateral (1).gif,,C:\Users\ADMIN\Desktop\gif exercises\BIBLIOTECA DE EJERCICIOS\5° GIFs DE MUSCULACIÓN\DELTOIDES (1)\Desenvolvimento unilateral (1).gif
front-raise-with-bar-1,Front raise with bar 1,strength,shoulders,high,no,Strength / Shoulders (DELTOIDES (1)),Elevação frontal com barra (1).gif,,C:\Users\ADMIN\Desktop\gif exercises\BIBLIOTECA DE EJERCICIOS\5° GIFs DE MUSCULACIÓN\DELTOIDES (1)\Elevação frontal com barra (1).gif
front-raise-with-dumbbells-1,Front raise with dumbbells 1,strength,shoulders,high,no,Strength / Shoulders (DELTOIDES (1)),Elevação frontal com halteres (1).gif,,C:\Users\ADMIN\Desktop\gif exercises\BIBLIOTECA DE EJERCICIOS\5° GIFs DE MUSCULACIÓN\DELTOIDES (1)\Elevação frontal com halteres (1).gif
front-raise-incline-1,Front raise incline 1,strength,shoulders,high,no,Strength / Shoulders (DELTOIDES (1)),Elevação frontal Inclinado (1).gif,,C:\Users\ADMIN\Desktop\gif exercises\BIBLIOTECA DE EJERCICIOS\5° GIFs DE MUSCULACIÓN\DELTOIDES (1)\Elevação frontal Inclinado (1).gif
front-raise-hand-joints-1,Front raise hand joints 1,strength,shoulders,high,no,Strength / Shoulders (DELTOIDES (1)),Elevação frontal mão juntas (1).gif,,C:\Users\ADMIN\Desktop\gif exercises\BIBLIOTECA DE EJERCICIOS\5° GIFs DE MUSCULACIÓN\DELTOIDES (1)\Elevação frontal mão juntas (1).gif
front-raise-on-cable-1,Front raise on cable 1,strength,shoulders,high,no,Strength / Shoulders (DELTOIDES (1)),Elevação frontal no cabo (1).gif,,C:\Users\ADMIN\Desktop\gif exercises\BIBLIOTECA DE EJERCICIOS\5° GIFs DE MUSCULACIÓN\DELTOIDES (1)\Elevação frontal no cabo (1).gif
front-raise-seated-1,Front raise seated 1,strength,shoulders,high,no,Strength / Shoulders (DELTOIDES (1)),Elevação frontal sentado (1).gif,,C:\Users\ADMIN\Desktop\gif exercises\BIBLIOTECA DE EJERCICIOS\5° GIFs DE MUSCULACIÓN\DELTOIDES (1)\Elevação frontal sentado (1).gif
front-raise-unilateral-1,Front raise unilateral 1,strength,shoulders,high,no,Strength / Shoulders (DELTOIDES (1)),Elevação frontal unilateral (1).gif,,C:\Users\ADMIN\Desktop\gif exercises\BIBLIOTECA DE EJERCICIOS\5° GIFs DE MUSCULACIÓN\DELTOIDES (1)\Elevação frontal unilateral (1).gif
front-raise-unilateral-3-1,Front raise unilateral 3 1,strength,shoulders,high,no,Strength / Shoulders (DELTOIDES (1)),Elevação frontal unilateral 3 (1).gif,,C:\Users\ADMIN\Desktop\gif exercises\BIBLIOTECA DE EJERCICIOS\5° GIFs DE MUSCULACIÓN\DELTOIDES (1)\Elevação frontal unilateral 3 (1).gif
lateral-raise-drop-front-1,Lateral raise + drop front 1,strength,shoulders,needs_review,no,Strength / Shoulders (DELTOIDES (1)),Elevação lateral + descida frontal (1).gif,+,C:\Users\ADMIN\Desktop\gif exercises\BIBLIOTECA DE EJERCICIOS\5° GIFs DE MUSCULACIÓN\DELTOIDES (1)\Elevação lateral + descida frontal (1).gif
lateral-raise-01-1,Lateral raise 01 1,strength,shoulders,high,no,Strength / Shoulders (DELTOIDES (1)),Elevação lateral 01 (1).gif,,C:\Users\ADMIN\Desktop\gif exercises\BIBLIOTECA DE EJERCICIOS\5° GIFs DE MUSCULACIÓN\DELTOIDES (1)\Elevação lateral 01 (1).gif
lateral-raise-4-1,Lateral raise 4 1,strength,shoulders,high,no,Strength / Shoulders (DELTOIDES (1)),Elevação lateral 4 (1).gif,,C:\Users\ADMIN\Desktop\gif exercises\BIBLIOTECA DE EJERCICIOS\5° GIFs DE MUSCULACIÓN\DELTOIDES (1)\Elevação lateral 4 (1).gif
lateral-raise-with-incline-1,Lateral raise with incline 1,strength,shoulders,high,no,Strength / Shoulders (DELTOIDES (1)),Elevação lateral com inclinação (1).gif,,C:\Users\ADMIN\Desktop\gif exercises\BIBLIOTECA DE EJERCICIOS\5° GIFs DE MUSCULACIÓN\DELTOIDES (1)\Elevação lateral com inclinação (1).gif
lateral-raise-incline-support-bench-1,Lateral raise incline support bench 1,strength,shoulders,high,no,Strength / Shoulders (DELTOIDES (1)),Elevação lateral inclinado apoio banco (1).gif,,C:\Users\ADMIN\Desktop\gif exercises\BIBLIOTECA DE EJERCICIOS\5° GIFs DE MUSCULACIÓN\DELTOIDES (1)\Elevação lateral inclinado apoio banco (1).gif
lateral-raise-incline-on-cable-2-1,Lateral raise incline on cable 2 1,strength,shoulders,high,no,Strength / Shoulders (DELTOIDES (1)),Elevação lateral inclinado no cabo 2 (1).gif,,C:\Users\ADMIN\Desktop\gif exercises\BIBLIOTECA DE EJERCICIOS\5° GIFs DE MUSCULACIÓN\DELTOIDES (1)\Elevação lateral inclinado no cabo 2 (1).gif
lateral-raise-on-cable-1,Lateral raise on cable 1,strength,shoulders,high,no,Strength / Shoulders (DELTOIDES (1)),Elevação lateral no cabo (1).gif,,C:\Users\ADMIN\Desktop\gif exercises\BIBLIOTECA DE EJERCICIOS\5° GIFs DE MUSCULACIÓN\DELTOIDES (1)\Elevação lateral no cabo (1).gif
lateral-raise-on-cross-crossed-1,Lateral raise on cross crossed 1,strength,shoulders,high,no,Strength / Shoulders (DELTOIDES (1)),Elevação lateral no cross cruzado (1).gif,,C:\Users\ADMIN\Desktop\gif exercises\BIBLIOTECA DE EJERCICIOS\5° GIFs DE MUSCULACIÓN\DELTOIDES (1)\Elevação lateral no cross cruzado (1).gif
lateral-raise-trunk-supported-1,Lateral raise trunk supported 1,strength,shoulders,high,no,Strength / Shoulders (DELTOIDES (1)),Elevação lateral tronco apoiado (1).gif,,C:\Users\ADMIN\Desktop\gif exercises\BIBLIOTECA DE EJERCICIOS\5° GIFs DE MUSCULACIÓN\DELTOIDES (1)\Elevação lateral tronco apoiado (1).gif
lateral-raise-unilateral-on-cable-1,Lateral raise unilateral on cable 1,strength,shoulders,high,no,Strength / Shoulders (DELTOIDES (1)),Elevação lateral uni no cabo (1).gif,,C:\Users\ADMIN\Desktop\gif exercises\BIBLIOTECA DE EJERCICIOS\5° GIFs DE MUSCULACIÓN\DELTOIDES (1)\Elevação lateral uni no cabo (1).gif
front-lateral-reversed-1,Front lateral reversed 1,strength,shoulders,high,no,Strength / Shoulders (DELTOIDES (1)),"Frontal, lateral, invertido (1).gif",,"C:\Users\ADMIN\Desktop\gif exercises\BIBLIOTECA DE EJERCICIOS\5° GIFs DE MUSCULACIÓN\DELTOIDES (1)\Frontal, lateral, invertido (1).gif"
landmine-press-1,Landmine press 1,strength,shoulders,high,no,Strength / Shoulders (DELTOIDES (1)),landmine-press (1).gif,,C:\Users\ADMIN\Desktop\gif exercises\BIBLIOTECA DE EJERCICIOS\5° GIFs DE MUSCULACIÓN\DELTOIDES (1)\landmine-press (1).gif
lateral-raise-machine-1,Lateral-raise-machine 1,strength,shoulders,needs_review,no,Strength / Shoulders (DELTOIDES (1)),lateral-raise-machine (1).gif,lateral-raise-machine,C:\Users\ADMIN\Desktop\gif exercises\BIBLIOTECA DE EJERCICIOS\5° GIFs DE MUSCULACIÓN\DELTOIDES (1)\lateral-raise-machine (1).gif
military-press-3-1,Military press 3 1,strength,shoulders,high,no,Strength / Shoulders (DELTOIDES (1)),Military press 3 (1).gif,,C:\Users\ADMIN\Desktop\gif exercises\BIBLIOTECA DE EJERCICIOS\5° GIFs DE MUSCULACIÓN\DELTOIDES (1)\Military press 3 (1).gif
military-press-1,Military press 1,strength,shoulders,high,no,Strength / Shoulders (DELTOIDES (1)),military-press (1).gif,,C:\Users\ADMIN\Desktop\gif exercises\BIBLIOTECA DE EJERCICIOS\5° GIFs DE MUSCULACIÓN\DELTOIDES (1)\military-press (1).gif
push-press-1,Push press 1,strength,shoulders,high,no,Strength / Shoulders (DELTOIDES (1)),push-press (1).gif,,C:\Users\ADMIN\Desktop\gif exercises\BIBLIOTECA DE EJERCICIOS\5° GIFs DE MUSCULACIÓN\DELTOIDES (1)\push-press (1).gif
rotation-external-1,Rotation external 1,strength,shoulders,high,no,Strength / Shoulders (DELTOIDES (1)),Rotação externa (1).gif,,C:\Users\ADMIN\Desktop\gif exercises\BIBLIOTECA DE EJERCICIOS\5° GIFs DE MUSCULACIÓN\DELTOIDES (1)\Rotação externa (1).gif
rotation-internal-1,Rotation internal 1,strength,shoulders,high,no,Strength / Shoulders (DELTOIDES (1)),Rotação interna (1).gif,,C:\Users\ADMIN\Desktop\gif exercises\BIBLIOTECA DE EJERCICIOS\5° GIFs DE MUSCULACIÓN\DELTOIDES (1)\Rotação interna (1).gif
seated-overhead-press-1,Seated overhead press 1,strength,shoulders,high,no,Strength / Shoulders (DELTOIDES (1)),seated-overhead-press (1).gif,,C:\Users\ADMIN\Desktop\gif exercises\BIBLIOTECA DE EJERCICIOS\5° GIFs DE MUSCULACIÓN\DELTOIDES (1)\seated-overhead-press (1).gif
shoulder-pin-press-1,Shoulder-pin-press 1,strength,shoulders,needs_review,no,Strength / Shoulders (DELTOIDES (1)),shoulder-pin-press (1).gif,shoulder-pin-press,C:\Users\ADMIN\Desktop\gif exercises\BIBLIOTECA DE EJERCICIOS\5° GIFs DE MUSCULACIÓN\DELTOIDES (1)\shoulder-pin-press (1).gif
back-extension-1,Back extension 1,strength,back_traps,high,no,Strength / Back Traps (ESPALDA Y TRAPECIO (1)),back-extension (1).gif,,C:\Users\ADMIN\Desktop\gif exercises\BIBLIOTECA DE EJERCICIOS\5° GIFs DE MUSCULACIÓN\ESPALDA Y TRAPECIO (1)\back-extension (1).gif
band-assisted-pull-up-1,Band assisted pull up 1,strength,back_traps,high,no,Strength / Back Traps (ESPALDA Y TRAPECIO (1)),band-assisted-pull-up (1).gif,,C:\Users\ADMIN\Desktop\gif exercises\BIBLIOTECA DE EJERCICIOS\5° GIFs DE MUSCULACIÓN\ESPALDA Y TRAPECIO (1)\band-assisted-pull-up (1).gif
banded-wide-grip-row-1,Banded wide grip row 1,strength,back_traps,high,no,Strength / Back Traps (ESPALDA Y TRAPECIO (1)),banded-wide-grip-row (1).gif,,C:\Users\ADMIN\Desktop\gif exercises\BIBLIOTECA DE EJERCICIOS\5° GIFs DE MUSCULACIÓN\ESPALDA Y TRAPECIO (1)\banded-wide-grip-row (1).gif
bar-pull-up-neck-1,Bar pull-up neck 1,strength,back_traps,high,no,Strength / Back Traps (ESPALDA Y TRAPECIO (1)),Barra fixa nuca (1).gif,,C:\Users\ADMIN\Desktop\gif exercises\BIBLIOTECA DE EJERCICIOS\5° GIFs DE MUSCULACIÓN\ESPALDA Y TRAPECIO (1)\Barra fixa nuca (1).gif
bar-pull-up-grip-wide-1,Bar pull-up grip wide 1,strength,back_traps,high,no,Strength / Back Traps (ESPALDA Y TRAPECIO (1)),Barra fixa pegada aberta (1).gif,,C:\Users\ADMIN\Desktop\gif exercises\BIBLIOTECA DE EJERCICIOS\5° GIFs DE MUSCULACIÓN\ESPALDA Y TRAPECIO (1)\Barra fixa pegada aberta (1).gif
bar-on-gravitron-1,Bar on gravitron 1,strength,back_traps,high,no,Strength / Back Traps (ESPALDA Y TRAPECIO (1)),Barra no graviton (1).gif,,C:\Users\ADMIN\Desktop\gif exercises\BIBLIOTECA DE EJERCICIOS\5° GIFs DE MUSCULACIÓN\ESPALDA Y TRAPECIO (1)\Barra no graviton (1).gif
bar-close-grip-1,Bar close grip 1,strength,back_traps,high,no,Strength / Back Traps (ESPALDA Y TRAPECIO (1)),Barra pegada fechada (1).gif,,C:\Users\ADMIN\Desktop\gif exercises\BIBLIOTECA DE EJERCICIOS\5° GIFs DE MUSCULACIÓN\ESPALDA Y TRAPECIO (1)\Barra pegada fechada (1).gif
bar-supinated-grip-1,Bar supinated grip 1,strength,back_traps,high,no,Strength / Back Traps (ESPALDA Y TRAPECIO (1)),Barra pegada supinada (1).gif,,C:\Users\ADMIN\Desktop\gif exercises\BIBLIOTECA DE EJERCICIOS\5° GIFs DE MUSCULACIÓN\ESPALDA Y TRAPECIO (1)\Barra pegada supinada (1).gif
cable-face-pull-1,Cable face pull 1,strength,back_traps,high,no,Strength / Back Traps (ESPALDA Y TRAPECIO (1)),cable-face-pull (1).gif,,C:\Users\ADMIN\Desktop\gif exercises\BIBLIOTECA DE EJERCICIOS\5° GIFs DE MUSCULACIÓN\ESPALDA Y TRAPECIO (1)\cable-face-pull (1).gif
cable-rear-delt-fly-1,Cable rear delt fly 1,strength,back_traps,high,no,Strength / Back Traps (ESPALDA Y TRAPECIO (1)),cable-rear-delt-fly (1).gif,,C:\Users\ADMIN\Desktop\gif exercises\BIBLIOTECA DE EJERCICIOS\5° GIFs DE MUSCULACIÓN\ESPALDA Y TRAPECIO (1)\cable-rear-delt-fly (1).gif
cable-seated-row-1,Cable seated row 1,strength,back_traps,high,no,Strength / Back Traps (ESPALDA Y TRAPECIO (1)),cable-seated-row (1).gif,,C:\Users\ADMIN\Desktop\gif exercises\BIBLIOTECA DE EJERCICIOS\5° GIFs DE MUSCULACIÓN\ESPALDA Y TRAPECIO (1)\cable-seated-row (1).gif
cable-wide-grip-row-1,Cable wide grip row 1,strength,back_traps,high,no,Strength / Back Traps (ESPALDA Y TRAPECIO (1)),cable-wide-grip-row (1).gif,,C:\Users\ADMIN\Desktop\gif exercises\BIBLIOTECA DE EJERCICIOS\5° GIFs DE MUSCULACIÓN\ESPALDA Y TRAPECIO (1)\cable-wide-grip-row (1).gif
chin-ups-1,Chin ups 1,strength,back_traps,high,no,Strength / Back Traps (ESPALDA Y TRAPECIO (1)),chin-ups (1).gif,,C:\Users\ADMIN\Desktop\gif exercises\BIBLIOTECA DE EJERCICIOS\5° GIFs DE MUSCULACIÓN\ESPALDA Y TRAPECIO (1)\chin-ups (1).gif
close-grip-lat-pulldown-standard-bar-attachment-1,Close grip lat pulldown standard bar attachment 1,strength,back_traps,high,no,Strength / Back Traps (ESPALDA Y TRAPECIO (1)),close-grip-lat-pulldown-standard-bar-attachment (1).gif,,C:\Users\ADMIN\Desktop\gif exercises\BIBLIOTECA DE EJERCICIOS\5° GIFs DE MUSCULACIÓN\ESPALDA Y TRAPECIO (1)\close-grip-lat-pulldown-standard-bar-attachment (1).gif
fly-inverted-machine-1,Fly inverted machine 1,strength,back_traps,high,no,Strength / Back Traps (ESPALDA Y TRAPECIO (1)),Crcifixo inverto máquina (1).gif,,C:\Users\ADMIN\Desktop\gif exercises\BIBLIOTECA DE EJERCICIOS\5° GIFs DE MUSCULACIÓN\ESPALDA Y TRAPECIO (1)\Crcifixo inverto máquina (1).gif
fly-reversed-with-dumbbell-1,Fly reversed with dumbbell 1,strength,back_traps,high,no,Strength / Back Traps (ESPALDA Y TRAPECIO (1)),Crucifixo invertido com halter (1).gif,,C:\Users\ADMIN\Desktop\gif exercises\BIBLIOTECA DE EJERCICIOS\5° GIFs DE MUSCULACIÓN\ESPALDA Y TRAPECIO (1)\Crucifixo invertido com halter (1).gif
fly-reversed-with-dumbbells-1,Fly reversed with dumbbells 1,strength,back_traps,high,no,Strength / Back Traps (ESPALDA Y TRAPECIO (1)),Crucifixo invertido com halteres (1).gif,,C:\Users\ADMIN\Desktop\gif exercises\BIBLIOTECA DE EJERCICIOS\5° GIFs DE MUSCULACIÓN\ESPALDA Y TRAPECIO (1)\Crucifixo invertido com halteres (1).gif
fly-reversed-elastic-1,Fly reversed elastic 1,strength,back_traps,high,no,Strength / Back Traps (ESPALDA Y TRAPECIO (1)),Crucifixo invertido elástico (1).gif,,C:\Users\ADMIN\Desktop\gif exercises\BIBLIOTECA DE EJERCICIOS\5° GIFs DE MUSCULACIÓN\ESPALDA Y TRAPECIO (1)\Crucifixo invertido elástico (1).gif
fly-reversed-pulley-low-1,Fly reversed pulley low 1,strength,back_traps,high,no,Strength / Back Traps (ESPALDA Y TRAPECIO (1)),Crucifixo invertido polia baixa (1).gif,,C:\Users\ADMIN\Desktop\gif exercises\BIBLIOTECA DE EJERCICIOS\5° GIFs DE MUSCULACIÓN\ESPALDA Y TRAPECIO (1)\Crucifixo invertido polia baixa (1).gif
dumbbell-back-extension-1,Dumbbell back extension 1,strength,back_traps,high,no,Strength / Back Traps (ESPALDA Y TRAPECIO (1)),dumbbell-back-extension (1).gif,,C:\Users\ADMIN\Desktop\gif exercises\BIBLIOTECA DE EJERCICIOS\5° GIFs DE MUSCULACIÓN\ESPALDA Y TRAPECIO (1)\dumbbell-back-extension (1).gif
dumbbell-face-pull-1,Dumbbell face pull 1,strength,back_traps,high,no,Strength / Back Traps (ESPALDA Y TRAPECIO (1)),dumbbell-face-pull (1).gif,,C:\Users\ADMIN\Desktop\gif exercises\BIBLIOTECA DE EJERCICIOS\5° GIFs DE MUSCULACIÓN\ESPALDA Y TRAPECIO (1)\dumbbell-face-pull (1).gif
dumbbell-jefferson-curl-1,Dumbbell jefferson curl 1,strength,back_traps,high,no,Strength / Back Traps (ESPALDA Y TRAPECIO (1)),dumbbell-jefferson-curl (1).gif,,C:\Users\ADMIN\Desktop\gif exercises\BIBLIOTECA DE EJERCICIOS\5° GIFs DE MUSCULACIÓN\ESPALDA Y TRAPECIO (1)\dumbbell-jefferson-curl (1).gif
eccentric-pull-up-1,Eccentric pull up 1,strength,back_traps,high,no,Strength / Back Traps (ESPALDA Y TRAPECIO (1)),eccentric-pull-up (1).gif,,C:\Users\ADMIN\Desktop\gif exercises\BIBLIOTECA DE EJERCICIOS\5° GIFs DE MUSCULACIÓN\ESPALDA Y TRAPECIO (1)\eccentric-pull-up (1).gif
front-raise-cable-1,Front raise cable 1,strength,back_traps,high,no,Strength / Back Traps (ESPALDA Y TRAPECIO (1)),Elevação frontal cabo (1).gif,,C:\Users\ADMIN\Desktop\gif exercises\BIBLIOTECA DE EJERCICIOS\5° GIFs DE MUSCULACIÓN\ESPALDA Y TRAPECIO (1)\Elevação frontal cabo (1).gif
shrug-3-1,Shrug 3 1,strength,back_traps,high,no,Strength / Back Traps (ESPALDA Y TRAPECIO (1)),Encolhimento 3 (1).gif,,C:\Users\ADMIN\Desktop\gif exercises\BIBLIOTECA DE EJERCICIOS\5° GIFs DE MUSCULACIÓN\ESPALDA Y TRAPECIO (1)\Encolhimento 3 (1).gif
shrug-bar-1,Shrug bar 1,strength,back_traps,high,no,Strength / Back Traps (ESPALDA Y TRAPECIO (1)),Encolhimento barra (1).gif,,C:\Users\ADMIN\Desktop\gif exercises\BIBLIOTECA DE EJERCICIOS\5° GIFs DE MUSCULACIÓN\ESPALDA Y TRAPECIO (1)\Encolhimento barra (1).gif
shrug-bar-behind-1,Shrug bar behind 1,strength,back_traps,high,no,Strength / Back Traps (ESPALDA Y TRAPECIO (1)),Encolhimento barra atrás (1).gif,,C:\Users\ADMIN\Desktop\gif exercises\BIBLIOTECA DE EJERCICIOS\5° GIFs DE MUSCULACIÓN\ESPALDA Y TRAPECIO (1)\Encolhimento barra atrás (1).gif
shrug-with-dumbbells-1,Shrug with dumbbells 1,strength,back_traps,high,no,Strength / Back Traps (ESPALDA Y TRAPECIO (1)),Encolhimento com halteres (1).gif,,C:\Users\ADMIN\Desktop\gif exercises\BIBLIOTECA DE EJERCICIOS\5° GIFs DE MUSCULACIÓN\ESPALDA Y TRAPECIO (1)\Encolhimento com halteres (1).gif
shrug-machine-1,Shrug machine 1,strength,back_traps,high,no,Strength / Back Traps (ESPALDA Y TRAPECIO (1)),Encolhimento máquina (1).gif,,C:\Users\ADMIN\Desktop\gif exercises\BIBLIOTECA DE EJERCICIOS\5° GIFs DE MUSCULACIÓN\ESPALDA Y TRAPECIO (1)\Encolhimento máquina (1).gif
shrug-machine-3,Shrug machine 3,strength,back_traps,high,no,Strength / Back Traps (ESPALDA Y TRAPECIO (1)),Encolhimento máquina (3).gif,,C:\Users\ADMIN\Desktop\gif exercises\BIBLIOTECA DE EJERCICIOS\5° GIFs DE MUSCULACIÓN\ESPALDA Y TRAPECIO (1)\Encolhimento máquina (3).gif
facepull-1,Facepull 1,strength,back_traps,high,no,Strength / Back Traps (ESPALDA Y TRAPECIO (1)),Facepull (1).gif,,C:\Users\ADMIN\Desktop\gif exercises\BIBLIOTECA DE EJERCICIOS\5° GIFs DE MUSCULACIÓN\ESPALDA Y TRAPECIO (1)\Facepull (1).gif
inverted-row-1,Inverted-row 1,strength,back_traps,needs_review,no,Strength / Back Traps (ESPALDA Y TRAPECIO (1)),inverted-row (1).gif,inverted-row,C:\Users\ADMIN\Desktop\gif exercises\BIBLIOTECA DE EJERCICIOS\5° GIFs DE MUSCULACIÓN\ESPALDA Y TRAPECIO (1)\inverted-row (1).gif
landmine-row-1,Landmine row 1,strength,back_traps,high,no,Strength / Back Traps (ESPALDA Y TRAPECIO (1)),landmine-row (1).gif,,C:\Users\ADMIN\Desktop\gif exercises\BIBLIOTECA DE EJERCICIOS\5° GIFs DE MUSCULACIÓN\ESPALDA Y TRAPECIO (1)\landmine-row (1).gif
pull-up-1,Pull up 1,strength,back_traps,high,no,Strength / Back Traps (ESPALDA Y TRAPECIO (1)),pull-up (1).gif,,C:\Users\ADMIN\Desktop\gif exercises\BIBLIOTECA DE EJERCICIOS\5° GIFs DE MUSCULACIÓN\ESPALDA Y TRAPECIO (1)\pull-up (1).gif
pulldown-with-rope-1,Pulldown with rope 1,strength,back_traps,high,no,Strength / Back Traps (ESPALDA Y TRAPECIO (1)),Pulldown com corda (1).gif,,C:\Users\ADMIN\Desktop\gif exercises\BIBLIOTECA DE EJERCICIOS\5° GIFs DE MUSCULACIÓN\ESPALDA Y TRAPECIO (1)\Pulldown com corda (1).gif
pulldown-1,Pulldown 1,strength,back_traps,high,no,Strength / Back Traps (ESPALDA Y TRAPECIO (1)),Pulldown1 (1).gif,,C:\Users\ADMIN\Desktop\gif exercises\BIBLIOTECA DE EJERCICIOS\5° GIFs DE MUSCULACIÓN\ESPALDA Y TRAPECIO (1)\Pulldown1 (1).gif
high-pulldown-with-elastic-1,High pulldown with elastic 1,strength,back_traps,high,no,Strength / Back Traps (ESPALDA Y TRAPECIO (1)),Puxada alta com elástico (1).gif,,C:\Users\ADMIN\Desktop\gif exercises\BIBLIOTECA DE EJERCICIOS\5° GIFs DE MUSCULACIÓN\ESPALDA Y TRAPECIO (1)\Puxada alta com elástico (1).gif
high-pulldown-closed-1,High pulldown closed 1,strength,back_traps,high,no,Strength / Back Traps (ESPALDA Y TRAPECIO (1)),Puxada alta fechada (1).gif,,C:\Users\ADMIN\Desktop\gif exercises\BIBLIOTECA DE EJERCICIOS\5° GIFs DE MUSCULACIÓN\ESPALDA Y TRAPECIO (1)\Puxada alta fechada (1).gif
high-pulldown-neck-1,High pulldown neck 1,strength,back_traps,high,no,Strength / Back Traps (ESPALDA Y TRAPECIO (1)),Puxada alta nuca (1).gif,,C:\Users\ADMIN\Desktop\gif exercises\BIBLIOTECA DE EJERCICIOS\5° GIFs DE MUSCULACIÓN\ESPALDA Y TRAPECIO (1)\Puxada alta nuca (1).gif
high-pulldown-pulley-1,High pulldown pulley 1,strength,back_traps,high,no,Strength / Back Traps (ESPALDA Y TRAPECIO (1)),Puxada alta polia (1).gif,,C:\Users\ADMIN\Desktop\gif exercises\BIBLIOTECA DE EJERCICIOS\5° GIFs DE MUSCULACIÓN\ESPALDA Y TRAPECIO (1)\Puxada alta polia (1).gif
high-pulldown-traditional-1,High pulldown traditional 1,strength,back_traps,high,no,Strength / Back Traps (ESPALDA Y TRAPECIO (1)),Puxada alta tradicional (1).gif,,C:\Users\ADMIN\Desktop\gif exercises\BIBLIOTECA DE EJERCICIOS\5° GIFs DE MUSCULACIÓN\ESPALDA Y TRAPECIO (1)\Puxada alta tradicional (1).gif
high-pulldown-triangle-1,High pulldown triangle 1,strength,back_traps,high,no,Strength / Back Traps (ESPALDA Y TRAPECIO (1)),Puxada alta triangulo (1).gif,,C:\Users\ADMIN\Desktop\gif exercises\BIBLIOTECA DE EJERCICIOS\5° GIFs DE MUSCULACIÓN\ESPALDA Y TRAPECIO (1)\Puxada alta triangulo (1).gif
pulldown-crossed-1,Pulldown crossed 1,strength,back_traps,high,no,Strength / Back Traps (ESPALDA Y TRAPECIO (1)),Puxada cruzada (1).gif,,C:\Users\ADMIN\Desktop\gif exercises\BIBLIOTECA DE EJERCICIOS\5° GIFs DE MUSCULACIÓN\ESPALDA Y TRAPECIO (1)\Puxada cruzada (1).gif
pulldown-machine-1,Pulldown machine 1,strength,back_traps,high,no,Strength / Back Traps (ESPALDA Y TRAPECIO (1)),Puxada máquina (1).gif,,C:\Users\ADMIN\Desktop\gif exercises\BIBLIOTECA DE EJERCICIOS\5° GIFs DE MUSCULACIÓN\ESPALDA Y TRAPECIO (1)\Puxada máquina (1).gif
pulldown-unilateral-1-1,Pulldown unilateral 1 1,strength,back_traps,high,no,Strength / Back Traps (ESPALDA Y TRAPECIO (1)),Puxada unilateral 1 (1).gif,,C:\Users\ADMIN\Desktop\gif exercises\BIBLIOTECA DE EJERCICIOS\5° GIFs DE MUSCULACIÓN\ESPALDA Y TRAPECIO (1)\Puxada unilateral 1 (1).gif
pulldown-unilateral-cable-1,Pulldown unilateral cable 1,strength,back_traps,high,no,Strength / Back Traps (ESPALDA Y TRAPECIO (1)),Puxada unilateral cabo (1).gif,,C:\Users\ADMIN\Desktop\gif exercises\BIBLIOTECA DE EJERCICIOS\5° GIFs DE MUSCULACIÓN\ESPALDA Y TRAPECIO (1)\Puxada unilateral cabo (1).gif
row-wide-pronated-1,Row wide pronated 1,strength,back_traps,high,no,Strength / Back Traps (ESPALDA Y TRAPECIO (1)),Remada aberta pronada (1).gif,,C:\Users\ADMIN\Desktop\gif exercises\BIBLIOTECA DE EJERCICIOS\5° GIFs DE MUSCULACIÓN\ESPALDA Y TRAPECIO (1)\Remada aberta pronada (1).gif
row-kneeling-1,Row kneeling 1,strength,back_traps,high,no,Strength / Back Traps (ESPALDA Y TRAPECIO (1)),Remada ajoelhado (1).gif,,C:\Users\ADMIN\Desktop\gif exercises\BIBLIOTECA DE EJERCICIOS\5° GIFs DE MUSCULACIÓN\ESPALDA Y TRAPECIO (1)\Remada ajoelhado (1).gif
row-high-1,Row high 1,strength,back_traps,high,no,Strength / Back Traps (ESPALDA Y TRAPECIO (1)),Remada alta (1).gif,,C:\Users\ADMIN\Desktop\gif exercises\BIBLIOTECA DE EJERCICIOS\5° GIFs DE MUSCULACIÓN\ESPALDA Y TRAPECIO (1)\Remada alta (1).gif
row-high-bar-1,Row high bar 1,strength,back_traps,high,no,Strength / Back Traps (ESPALDA Y TRAPECIO (1)),Remada alta barra (1).gif,,C:\Users\ADMIN\Desktop\gif exercises\BIBLIOTECA DE EJERCICIOS\5° GIFs DE MUSCULACIÓN\ESPALDA Y TRAPECIO (1)\Remada alta barra (1).gif
row-high-with-dumbbells-1,Row high with dumbbells 1,strength,back_traps,high,no,Strength / Back Traps (ESPALDA Y TRAPECIO (1)),Remada alta com halteres (1).gif,,C:\Users\ADMIN\Desktop\gif exercises\BIBLIOTECA DE EJERCICIOS\5° GIFs DE MUSCULACIÓN\ESPALDA Y TRAPECIO (1)\Remada alta com halteres (1).gif
row-high-on-cable-1,Row high on cable 1,strength,back_traps,high,no,Strength / Back Traps (ESPALDA Y TRAPECIO (1)),Remada alta no cabo (1).gif,,C:\Users\ADMIN\Desktop\gif exercises\BIBLIOTECA DE EJERCICIOS\5° GIFs DE MUSCULACIÓN\ESPALDA Y TRAPECIO (1)\Remada alta no cabo (1).gif
row-support-bench-with-dumbbells-1,Row support bench with dumbbells 1,strength,back_traps,high,no,Strength / Back Traps (ESPALDA Y TRAPECIO (1)),Remada apoio banco com halteres (1).gif,,C:\Users\ADMIN\Desktop\gif exercises\BIBLIOTECA DE EJERCICIOS\5° GIFs DE MUSCULACIÓN\ESPALDA Y TRAPECIO (1)\Remada apoio banco com halteres (1).gif
row-support-bench-incline-1,Row support bench incline 1,strength,back_traps,high,no,Strength / Back Traps (ESPALDA Y TRAPECIO (1)),Remada apoio banco inclinado (1).gif,,C:\Users\ADMIN\Desktop\gif exercises\BIBLIOTECA DE EJERCICIOS\5° GIFs DE MUSCULACIÓN\ESPALDA Y TRAPECIO (1)\Remada apoio banco inclinado (1).gif
row-support-chest-bench-1,Row support chest bench 1,strength,back_traps,high,no,Strength / Back Traps (ESPALDA Y TRAPECIO (1)),Remada apoio peitoral banco (1).gif,,C:\Users\ADMIN\Desktop\gif exercises\BIBLIOTECA DE EJERCICIOS\5° GIFs DE MUSCULACIÓN\ESPALDA Y TRAPECIO (1)\Remada apoio peitoral banco (1).gif
row-cable-1,Row cable 1,strength,back_traps,high,no,Strength / Back Traps (ESPALDA Y TRAPECIO (1)),Remada cabo (1).gif,,C:\Users\ADMIN\Desktop\gif exercises\BIBLIOTECA DE EJERCICIOS\5° GIFs DE MUSCULACIÓN\ESPALDA Y TRAPECIO (1)\Remada cabo (1).gif
row-seated-machine-1,Row seated machine 1,strength,back_traps,high,no,Strength / Back Traps (ESPALDA Y TRAPECIO (1)),Remada cavalinho (1).gif,,C:\Users\ADMIN\Desktop\gif exercises\BIBLIOTECA DE EJERCICIOS\5° GIFs DE MUSCULACIÓN\ESPALDA Y TRAPECIO (1)\Remada cavalinho (1).gif
row-seated-machine-bar-1,Row seated machine bar 1,strength,back_traps,high,no,Strength / Back Traps (ESPALDA Y TRAPECIO (1)),Remada cavalinho barra (1).gif,,C:\Users\ADMIN\Desktop\gif exercises\BIBLIOTECA DE EJERCICIOS\5° GIFs DE MUSCULACIÓN\ESPALDA Y TRAPECIO (1)\Remada cavalinho barra (1).gif
row-with-dumbbells-1,Row with dumbbells 1,strength,back_traps,high,no,Strength / Back Traps (ESPALDA Y TRAPECIO (1)),Remada com halteres (1).gif,,C:\Users\ADMIN\Desktop\gif exercises\BIBLIOTECA DE EJERCICIOS\5° GIFs DE MUSCULACIÓN\ESPALDA Y TRAPECIO (1)\Remada com halteres (1).gif
row-with-triangle-1,Row with triangle 1,strength,back_traps,high,no,Strength / Back Traps (ESPALDA Y TRAPECIO (1)),Remada com triangulo (1).gif,,C:\Users\ADMIN\Desktop\gif exercises\BIBLIOTECA DE EJERCICIOS\5° GIFs DE MUSCULACIÓN\ESPALDA Y TRAPECIO (1)\Remada com triangulo (1).gif
bent-over-row-on-cable-1,Bent-over row on cable 1,strength,back_traps,high,no,Strength / Back Traps (ESPALDA Y TRAPECIO (1)),Remada curvada no cabo (1).gif,,C:\Users\ADMIN\Desktop\gif exercises\BIBLIOTECA DE EJERCICIOS\5° GIFs DE MUSCULACIÓN\ESPALDA Y TRAPECIO (1)\Remada curvada no cabo (1).gif
bent-over-row-pronated-1,Bent-over row pronated 1,strength,back_traps,high,no,Strength / Back Traps (ESPALDA Y TRAPECIO (1)),Remada curvada pronada (1).gif,,C:\Users\ADMIN\Desktop\gif exercises\BIBLIOTECA DE EJERCICIOS\5° GIFs DE MUSCULACIÓN\ESPALDA Y TRAPECIO (1)\Remada curvada pronada (1).gif
bent-over-row-pronated-wide-1,Bent-over row pronated wide 1,strength,back_traps,high,no,Strength / Back Traps (ESPALDA Y TRAPECIO (1)),Remada curvada pronada aberta (1).gif,,C:\Users\ADMIN\Desktop\gif exercises\BIBLIOTECA DE EJERCICIOS\5° GIFs DE MUSCULACIÓN\ESPALDA Y TRAPECIO (1)\Remada curvada pronada aberta (1).gif
row-closed-supinated-1,Row closed supinated 1,strength,back_traps,high,no,Strength / Back Traps (ESPALDA Y TRAPECIO (1)),Remada fechada supinada (1).gif,,C:\Users\ADMIN\Desktop\gif exercises\BIBLIOTECA DE EJERCICIOS\5° GIFs DE MUSCULACIÓN\ESPALDA Y TRAPECIO (1)\Remada fechada supinada (1).gif
row-incline-1,Row incline 1,strength,back_traps,high,no,Strength / Back Traps (ESPALDA Y TRAPECIO (1)),Remada inclinada (1).gif,,C:\Users\ADMIN\Desktop\gif exercises\BIBLIOTECA DE EJERCICIOS\5° GIFs DE MUSCULACIÓN\ESPALDA Y TRAPECIO (1)\Remada inclinada (1).gif
row-reversed-trx-1,Row reversed trx 1,strength,back_traps,high,no,Strength / Back Traps (ESPALDA Y TRAPECIO (1)),Remada invertida TRX (1).gif,,C:\Users\ADMIN\Desktop\gif exercises\BIBLIOTECA DE EJERCICIOS\5° GIFs DE MUSCULACIÓN\ESPALDA Y TRAPECIO (1)\Remada invertida TRX (1).gif
row-machine-1,Row machine 1,strength,back_traps,high,no,Strength / Back Traps (ESPALDA Y TRAPECIO (1)),Remada máquina (1).gif,,C:\Users\ADMIN\Desktop\gif exercises\BIBLIOTECA DE EJERCICIOS\5° GIFs DE MUSCULACIÓN\ESPALDA Y TRAPECIO (1)\Remada máquina (1).gif
row-on-smith-machine-1,Row on smith machine 1,strength,back_traps,high,no,Strength / Back Traps (ESPALDA Y TRAPECIO (1)),Remada no smith (1).gif,,C:\Users\ADMIN\Desktop\gif exercises\BIBLIOTECA DE EJERCICIOS\5° GIFs DE MUSCULACIÓN\ESPALDA Y TRAPECIO (1)\Remada no smith (1).gif
row-saw-1,Row saw 1,strength,back_traps,high,no,Strength / Back Traps (ESPALDA Y TRAPECIO (1)),Remada serrote (1).gif,,C:\Users\ADMIN\Desktop\gif exercises\BIBLIOTECA DE EJERCICIOS\5° GIFs DE MUSCULACIÓN\ESPALDA Y TRAPECIO (1)\Remada serrote (1).gif
single-arm-row-1,Single-arm row 1,strength,back_traps,high,no,Strength / Back Traps (ESPALDA Y TRAPECIO (1)),Remada unilateral (1).gif,,C:\Users\ADMIN\Desktop\gif exercises\BIBLIOTECA DE EJERCICIOS\5° GIFs DE MUSCULACIÓN\ESPALDA Y TRAPECIO (1)\Remada unilateral (1).gif
reverse-pec-dec-machine-1,Reverse-pec-dec-machine 1,strength,back_traps,needs_review,no,Strength / Back Traps (ESPALDA Y TRAPECIO (1)),reverse-pec-dec-machine (1).gif,reverse-pec-dec-machine,C:\Users\ADMIN\Desktop\gif exercises\BIBLIOTECA DE EJERCICIOS\5° GIFs DE MUSCULACIÓN\ESPALDA Y TRAPECIO (1)\reverse-pec-dec-machine (1).gif
single-arm-dumbbell-row-1,Single arm dumbbell row 1,strength,back_traps,high,no,Strength / Back Traps (ESPALDA Y TRAPECIO (1)),single-arm-dumbbell-row (1).gif,,C:\Users\ADMIN\Desktop\gif exercises\BIBLIOTECA DE EJERCICIOS\5° GIFs DE MUSCULACIÓN\ESPALDA Y TRAPECIO (1)\single-arm-dumbbell-row (1).gif
standing-cable-row-1,Standing cable row 1,strength,back_traps,high,no,Strength / Back Traps (ESPALDA Y TRAPECIO (1)),standing-cable-row (1).gif,,C:\Users\ADMIN\Desktop\gif exercises\BIBLIOTECA DE EJERCICIOS\5° GIFs DE MUSCULACIÓN\ESPALDA Y TRAPECIO (1)\standing-cable-row (1).gif
t-bar-row-muscles-1,T bar row muscles 1,strength,back_traps,high,no,Strength / Back Traps (ESPALDA Y TRAPECIO (1)),t-bar-row-muscles (1).gif,,C:\Users\ADMIN\Desktop\gif exercises\BIBLIOTECA DE EJERCICIOS\5° GIFs DE MUSCULACIÓN\ESPALDA Y TRAPECIO (1)\t-bar-row-muscles (1).gif
upright-cable-row-1,Upright-cable-row 1,strength,back_traps,needs_review,no,Strength / Back Traps (ESPALDA Y TRAPECIO (1)),upright-cable-row (1).gif,upright-cable-row,C:\Users\ADMIN\Desktop\gif exercises\BIBLIOTECA DE EJERCICIOS\5° GIFs DE MUSCULACIÓN\ESPALDA Y TRAPECIO (1)\upright-cable-row (1).gif
wide-grip-lat-pulldown-1,Wide grip lat pulldown 1,strength,back_traps,high,no,Strength / Back Traps (ESPALDA Y TRAPECIO (1)),wide-grip-lat-pulldown (1).gif,,C:\Users\ADMIN\Desktop\gif exercises\BIBLIOTECA DE EJERCICIOS\5° GIFs DE MUSCULACIÓN\ESPALDA Y TRAPECIO (1)\wide-grip-lat-pulldown (1).gif
yates-row-1,Yates row 1,strength,back_traps,high,no,Strength / Back Traps (ESPALDA Y TRAPECIO (1)),yates-row (1).gif,,C:\Users\ADMIN\Desktop\gif exercises\BIBLIOTECA DE EJERCICIOS\5° GIFs DE MUSCULACIÓN\ESPALDA Y TRAPECIO (1)\yates-row (1).gif
abs-concentration-arms-extended-1,Abs concentration arms extended 1,strength,core_abs,high,no,Strength / Core Abs (GIFs - BONOS (1)\Abdominal (4)),Abd Concentrado Braços estendidos (1).gif,,C:\Users\ADMIN\Desktop\gif exercises\BIBLIOTECA DE EJERCICIOS\5° GIFs DE MUSCULACIÓN\GIFs - BONOS (1)\Abdominal (4)\Abd Concentrado Braços estendidos (1).gif
abdominal-with-load-1,Abdominal with load 1,strength,core_abs,high,no,Strength / Core Abs (GIFs - BONOS (1)\Abdominal (4)),Abdominal com Carga (1).gif,,C:\Users\ADMIN\Desktop\gif exercises\BIBLIOTECA DE EJERCICIOS\5° GIFs DE MUSCULACIÓN\GIFs - BONOS (1)\Abdominal (4)\Abdominal com Carga (1).gif
abdominal-concentration-1,Abdominal concentration 1,strength,core_abs,high,no,Strength / Core Abs (GIFs - BONOS (1)\Abdominal (4)),Abdominal Concentrado (1).gif,,C:\Users\ADMIN\Desktop\gif exercises\BIBLIOTECA DE EJERCICIOS\5° GIFs DE MUSCULACIÓN\GIFs - BONOS (1)\Abdominal (4)\Abdominal Concentrado (1).gif
roman-chair-1,Roman chair 1,strength,back_traps,high,no,Strength / Back Traps (GIFs - BONOS (1)\Costas (55)),banco romano (1).gif,,C:\Users\ADMIN\Desktop\gif exercises\BIBLIOTECA DE EJERCICIOS\5° GIFs DE MUSCULACIÓN\GIFs - BONOS (1)\Costas (55)\banco romano (1).gif
roman-chair-unweighted-1,Roman chair unweighted 1,strength,back_traps,high,no,Strength / Back Traps (GIFs - BONOS (1)\Costas (55)),banco romano sem peso (1).gif,,C:\Users\ADMIN\Desktop\gif exercises\BIBLIOTECA DE EJERCICIOS\5° GIFs DE MUSCULACIÓN\GIFs - BONOS (1)\Costas (55)\banco romano sem peso (1).gif
bar-free-weighted-1,Bar free weighted 1,strength,back_traps,high,no,Strength / Back Traps (GIFs - BONOS (1)\Costas (55)),barra livre com peso (1).gif,,C:\Users\ADMIN\Desktop\gif exercises\BIBLIOTECA DE EJERCICIOS\5° GIFs DE MUSCULACIÓN\GIFs - BONOS (1)\Costas (55)\barra livre com peso (1).gif
bar-free-grip-wide-1,Bar free grip wide 1,strength,back_traps,high,no,Strength / Back Traps (GIFs - BONOS (1)\Costas (55)),Barra Livre pegada aberta (1).gif,,C:\Users\ADMIN\Desktop\gif exercises\BIBLIOTECA DE EJERCICIOS\5° GIFs DE MUSCULACIÓN\GIFs - BONOS (1)\Costas (55)\Barra Livre pegada aberta (1).gif
bar-free-grip-wide-knees-bent-1,Bar free grip wide knees bent 1,strength,back_traps,high,no,Strength / Back Traps (GIFs - BONOS (1)\Costas (55)),barra livre pegada aberta joelhos flexionados (1).gif,,C:\Users\ADMIN\Desktop\gif exercises\BIBLIOTECA DE EJERCICIOS\5° GIFs DE MUSCULACIÓN\GIFs - BONOS (1)\Costas (55)\barra livre pegada aberta joelhos flexionados (1).gif
bar-free-grip-wide-on-cross-1,Bar free grip wide on cross 1,strength,back_traps,high,no,Strength / Back Traps (GIFs - BONOS (1)\Costas (55)),barra livre pegada aberta no cross (1).gif,,C:\Users\ADMIN\Desktop\gif exercises\BIBLIOTECA DE EJERCICIOS\5° GIFs DE MUSCULACIÓN\GIFs - BONOS (1)\Costas (55)\barra livre pegada aberta no cross (1).gif
bar-free-close-grip-pronated-1,Bar free close grip pronated 1,strength,back_traps,high,no,Strength / Back Traps (GIFs - BONOS (1)\Costas (55)),barra livre pegada fechada pronada (1).gif,,C:\Users\ADMIN\Desktop\gif exercises\BIBLIOTECA DE EJERCICIOS\5° GIFs DE MUSCULACIÓN\GIFs - BONOS (1)\Costas (55)\barra livre pegada fechada pronada (1).gif
bar-free-grip-pronated-1,Bar free grip pronated 1,strength,back_traps,high,no,Strength / Back Traps (GIFs - BONOS (1)\Costas (55)),barra livre pegada pronada (1).gif,,C:\Users\ADMIN\Desktop\gif exercises\BIBLIOTECA DE EJERCICIOS\5° GIFs DE MUSCULACIÓN\GIFs - BONOS (1)\Costas (55)\barra livre pegada pronada (1).gif
bar-on-gravitron-1,Bar on gravitron 1,strength,back_traps,high,yes,Strength / Back Traps (GIFs - BONOS (1)\Costas (55)),barra no gravitan (1).gif,,C:\Users\ADMIN\Desktop\gif exercises\BIBLIOTECA DE EJERCICIOS\5° GIFs DE MUSCULACIÓN\GIFs - BONOS (1)\Costas (55)\barra no gravitan (1).gif
bar-on-gravitron-standing-1,Bar on gravitron standing 1,strength,back_traps,high,no,Strength / Back Traps (GIFs - BONOS (1)\Costas (55)),barra no graviton em pé (1).gif,,C:\Users\ADMIN\Desktop\gif exercises\BIBLIOTECA DE EJERCICIOS\5° GIFs DE MUSCULACIÓN\GIFs - BONOS (1)\Costas (55)\barra no graviton em pé (1).gif
fly-reverse-1,Fly reverse 1,strength,back_traps,high,no,Strength / Back Traps (GIFs - BONOS (1)\Costas (55)),crucifixo inverso (1).gif,,C:\Users\ADMIN\Desktop\gif exercises\BIBLIOTECA DE EJERCICIOS\5° GIFs DE MUSCULACIÓN\GIFs - BONOS (1)\Costas (55)\crucifixo inverso (1).gif
enge-klimmzuege-obergriff-1,Enge_klimmzuege_obergriff 1,strength,back_traps,needs_review,no,Strength / Back Traps (GIFs - BONOS (1)\Costas (55)),enge_klimmzuege_obergriff (1).gif,enge_klimmzuege_obergriff,C:\Users\ADMIN\Desktop\gif exercises\BIBLIOTECA DE EJERCICIOS\5° GIFs DE MUSCULACIÓN\GIFs - BONOS (1)\Costas (55)\enge_klimmzuege_obergriff (1).gif
extension-of-trunk-machine-1,Extension of trunk machine 1,strength,back_traps,high,no,Strength / Back Traps (GIFs - BONOS (1)\Costas (55)),Extensão de tronco máquina (1).gif,,C:\Users\ADMIN\Desktop\gif exercises\BIBLIOTECA DE EJERCICIOS\5° GIFs DE MUSCULACIÓN\GIFs - BONOS (1)\Costas (55)\Extensão de tronco máquina (1).gif
fitness-gifs-4-u-1,Fitness gifs 4 u 1,strength,back_traps,needs_review,no,Strength / Back Traps (GIFs - BONOS (1)\Costas (55)),Fitness Gifs 4 U (1).gif,fitness gifs u,C:\Users\ADMIN\Desktop\gif exercises\BIBLIOTECA DE EJERCICIOS\5° GIFs DE MUSCULACIÓN\GIFs - BONOS (1)\Costas (55)\Fitness Gifs 4 U (1).gif
hyperextension-of-the-trunk-1,Hyperextension of the trunk 1,strength,back_traps,high,no,Strength / Back Traps (GIFs - BONOS (1)\Costas (55)),Hiperextensão do tronco (1).gif,,C:\Users\ADMIN\Desktop\gif exercises\BIBLIOTECA DE EJERCICIOS\5° GIFs DE MUSCULACIÓN\GIFs - BONOS (1)\Costas (55)\Hiperextensão do tronco (1).gif
hyperextensions-without-device-bench-1,Hyperextensions without device bench 1,strength,back_traps,high,no,Strength / Back Traps (GIFs - BONOS (1)\Costas (55)),Hiperextensões sem dispositivo (banco) (1).gif,,C:\Users\ADMIN\Desktop\gif exercises\BIBLIOTECA DE EJERCICIOS\5° GIFs DE MUSCULACIÓN\GIFs - BONOS (1)\Costas (55)\Hiperextensões sem dispositivo (banco) (1).gif
deadlift-on-smith-machine-1,Deadlift on smith machine 1,strength,back_traps,high,no,Strength / Back Traps (GIFs - BONOS (1)\Costas (55)),levantamento terra no smith (1).gif,,C:\Users\ADMIN\Desktop\gif exercises\BIBLIOTECA DE EJERCICIOS\5° GIFs DE MUSCULACIÓN\GIFs - BONOS (1)\Costas (55)\levantamento terra no smith (1).gif
pull-over-with-bar-1,Pull over with bar 1,strength,back_traps,high,no,Strength / Back Traps (GIFs - BONOS (1)\Costas (55)),Pull Over com Barra (1).gif,,C:\Users\ADMIN\Desktop\gif exercises\BIBLIOTECA DE EJERCICIOS\5° GIFs DE MUSCULACIÓN\GIFs - BONOS (1)\Costas (55)\Pull Over com Barra (1).gif
pull-over-on-pulley-with-rope-1,Pull over on pulley with rope 1,strength,back_traps,high,no,Strength / Back Traps (GIFs - BONOS (1)\Costas (55)),Pull Over na polia com corda (1).gif,,C:\Users\ADMIN\Desktop\gif exercises\BIBLIOTECA DE EJERCICIOS\5° GIFs DE MUSCULACIÓN\GIFs - BONOS (1)\Costas (55)\Pull Over na polia com corda (1).gif
pulley-back-machine-1,Pulley back machine 1,strength,back_traps,high,no,Strength / Back Traps (GIFs - BONOS (1)\Costas (55)),pulley costa maquina (1).gif,,C:\Users\ADMIN\Desktop\gif exercises\BIBLIOTECA DE EJERCICIOS\5° GIFs DE MUSCULACIÓN\GIFs - BONOS (1)\Costas (55)\pulley costa maquina (1).gif
pulley-back-unilateral-1,Pulley back unilateral 1,strength,back_traps,high,no,Strength / Back Traps (GIFs - BONOS (1)\Costas (55)),pulley costa unilateral (1).gif,,C:\Users\ADMIN\Desktop\gif exercises\BIBLIOTECA DE EJERCICIOS\5° GIFs DE MUSCULACIÓN\GIFs - BONOS (1)\Costas (55)\pulley costa unilateral (1).gif
pulley-front-supinated-grip-1,Pulley front supinated grip 1,strength,back_traps,high,no,Strength / Back Traps (GIFs - BONOS (1)\Costas (55)),pulley frente pegada supinada (1).gif,,C:\Users\ADMIN\Desktop\gif exercises\BIBLIOTECA DE EJERCICIOS\5° GIFs DE MUSCULACIÓN\GIFs - BONOS (1)\Costas (55)\pulley frente pegada supinada (1).gif
pulley-front-grip-closed-pronated-1,Pulley front grip closed pronated 1,strength,back_traps,high,no,Strength / Back Traps (GIFs - BONOS (1)\Costas (55)),pulley frente pegaga fechda pronada (1).gif,,C:\Users\ADMIN\Desktop\gif exercises\BIBLIOTECA DE EJERCICIOS\5° GIFs DE MUSCULACIÓN\GIFs - BONOS (1)\Costas (55)\pulley frente pegaga fechda pronada (1).gif
pulley-grip-wide-1,Pulley grip wide 1,strength,back_traps,high,no,Strength / Back Traps (GIFs - BONOS (1)\Costas (55)),pulley pegada aberta (1).gif,,C:\Users\ADMIN\Desktop\gif exercises\BIBLIOTECA DE EJERCICIOS\5° GIFs DE MUSCULACIÓN\GIFs - BONOS (1)\Costas (55)\pulley pegada aberta (1).gif
pulley-grip-wide-behind-of-the-neck-1,Pulley grip wide behind of the neck 1,strength,back_traps,high,no,Strength / Back Traps (GIFs - BONOS (1)\Costas (55)),pulley pegada aberta atras da nuca (1).gif,,C:\Users\ADMIN\Desktop\gif exercises\BIBLIOTECA DE EJERCICIOS\5° GIFs DE MUSCULACIÓN\GIFs - BONOS (1)\Costas (55)\pulley pegada aberta atras da nuca (1).gif
pulley-grip-wide-pronated-1,Pulley grip wide pronated 1,strength,back_traps,high,no,Strength / Back Traps (GIFs - BONOS (1)\Costas (55)),pulley pegada aberta pronada (1).gif,,C:\Users\ADMIN\Desktop\gif exercises\BIBLIOTECA DE EJERCICIOS\5° GIFs DE MUSCULACIÓN\GIFs - BONOS (1)\Costas (55)\pulley pegada aberta pronada (1).gif
pulldown-machine-1,Pulldown machine 1,strength,back_traps,high,yes,Strength / Back Traps (GIFs - BONOS (1)\Costas (55)),puxada maquina (1).gif,,C:\Users\ADMIN\Desktop\gif exercises\BIBLIOTECA DE EJERCICIOS\5° GIFs DE MUSCULACIÓN\GIFs - BONOS (1)\Costas (55)\puxada maquina (1).gif
pulldown-machine-supinated-grip-1,Pulldown machine supinated grip 1,strength,back_traps,high,no,Strength / Back Traps (GIFs - BONOS (1)\Costas (55)),puxada maquina pegada supinada (1).gif,,C:\Users\ADMIN\Desktop\gif exercises\BIBLIOTECA DE EJERCICIOS\5° GIFs DE MUSCULACIÓN\GIFs - BONOS (1)\Costas (55)\puxada maquina pegada supinada (1).gif
pulldown-bar-back-for-behind-machine-1,Pulldown bar back for behind machine 1,strength,back_traps,high,no,Strength / Back Traps (GIFs - BONOS (1)\Costas (55)),Puxador Costas por trás Máquina (1).gif,,C:\Users\ADMIN\Desktop\gif exercises\BIBLIOTECA DE EJERCICIOS\5° GIFs DE MUSCULACIÓN\GIFs - BONOS (1)\Costas (55)\Puxador Costas por trás Máquina (1).gif
row-wide-on-bench-incline-grip-supinated-1,Row wide on bench incline grip supinated 1,strength,back_traps,high,no,Strength / Back Traps (GIFs - BONOS (1)\Costas (55)),remada aberta no banco inclinada pega supinada (1).gif,,C:\Users\ADMIN\Desktop\gif exercises\BIBLIOTECA DE EJERCICIOS\5° GIFs DE MUSCULACIÓN\GIFs - BONOS (1)\Costas (55)\remada aberta no banco inclinada pega supinada (1).gif
row-wide-on-bench-incline-with-dumbbells-1,Row wide on bench incline with dumbbells 1,strength,back_traps,high,no,Strength / Back Traps (GIFs - BONOS (1)\Costas (55)),remada aberta no banco inclinado com halteres (1).gif,,C:\Users\ADMIN\Desktop\gif exercises\BIBLIOTECA DE EJERCICIOS\5° GIFs DE MUSCULACIÓN\GIFs - BONOS (1)\Costas (55)\remada aberta no banco inclinado com halteres (1).gif
row-articulated-1,Row articulated 1,strength,back_traps,high,no,Strength / Back Traps (GIFs - BONOS (1)\Costas (55)),remada articulada (1).gif,,C:\Users\ADMIN\Desktop\gif exercises\BIBLIOTECA DE EJERCICIOS\5° GIFs DE MUSCULACIÓN\GIFs - BONOS (1)\Costas (55)\remada articulada (1).gif
row-articulated-supinated-grip-1,Row articulated supinated grip 1,strength,back_traps,high,no,Strength / Back Traps (GIFs - BONOS (1)\Costas (55)),remada articulada pegada supinada (1).gif,,C:\Users\ADMIN\Desktop\gif exercises\BIBLIOTECA DE EJERCICIOS\5° GIFs DE MUSCULACIÓN\GIFs - BONOS (1)\Costas (55)\remada articulada pegada supinada (1).gif
seated-cable-row-on-pulley-grip-wide-supinated-1,Seated cable row on pulley grip wide supinated 1,strength,back_traps,high,no,Strength / Back Traps (GIFs - BONOS (1)\Costas (55)),remada baixa no pulley pegada aberta supinada (1).gif,,C:\Users\ADMIN\Desktop\gif exercises\BIBLIOTECA DE EJERCICIOS\5° GIFs DE MUSCULACIÓN\GIFs - BONOS (1)\Costas (55)\remada baixa no pulley pegada aberta supinada (1).gif
seated-cable-row-unilateral-on-cross-1,Seated cable row unilateral on cross 1,strength,back_traps,high,no,Strength / Back Traps (GIFs - BONOS (1)\Costas (55)),remada baixa unilateral no cross (1).gif,,C:\Users\ADMIN\Desktop\gif exercises\BIBLIOTECA DE EJERCICIOS\5° GIFs DE MUSCULACIÓN\GIFs - BONOS (1)\Costas (55)\remada baixa unilateral no cross (1).gif
seated-cable-row-unilateral-neutral-grip-1,Seated cable row unilateral neutral grip 1,strength,back_traps,high,no,Strength / Back Traps (GIFs - BONOS (1)\Costas (55)),remada baixa unilateral pegada neutra (1).gif,,C:\Users\ADMIN\Desktop\gif exercises\BIBLIOTECA DE EJERCICIOS\5° GIFs DE MUSCULACIÓN\GIFs - BONOS (1)\Costas (55)\remada baixa unilateral pegada neutra (1).gif
row-low-on-pulley-triangle-1,Row low on pulley triangle 1,strength,back_traps,high,no,Strength / Back Traps (GIFs - BONOS (1)\Costas (55)),remada beixa no pulley triangulo (1).gif,,C:\Users\ADMIN\Desktop\gif exercises\BIBLIOTECA DE EJERCICIOS\5° GIFs DE MUSCULACIÓN\GIFs - BONOS (1)\Costas (55)\remada beixa no pulley triangulo (1).gif
row-seated-machine-grip-wide-1,Row seated machine grip wide 1,strength,back_traps,high,no,Strength / Back Traps (GIFs - BONOS (1)\Costas (55)),remada cavalinha pegada aberta (1).gif,,C:\Users\ADMIN\Desktop\gif exercises\BIBLIOTECA DE EJERCICIOS\5° GIFs DE MUSCULACIÓN\GIFs - BONOS (1)\Costas (55)\remada cavalinha pegada aberta (1).gif
row-seated-machine-unilateral-1,Row seated machine unilateral 1,strength,back_traps,high,no,Strength / Back Traps (GIFs - BONOS (1)\Costas (55)),remada cavalinho unilateral (1).gif,,C:\Users\ADMIN\Desktop\gif exercises\BIBLIOTECA DE EJERCICIOS\5° GIFs DE MUSCULACIÓN\GIFs - BONOS (1)\Costas (55)\remada cavalinho unilateral (1).gif
row-seated-machine-with-bar-1,Row seated machine with bar 1,strength,back_traps,high,no,Strength / Back Traps (GIFs - BONOS (1)\Costas (55)),remada cavalino com barra (1).gif,,C:\Users\ADMIN\Desktop\gif exercises\BIBLIOTECA DE EJERCICIOS\5° GIFs DE MUSCULACIÓN\GIFs - BONOS (1)\Costas (55)\remada cavalino com barra (1).gif
row-with-bench-incline-with-dumbbells-1,Row with bench incline with dumbbells 1,strength,back_traps,high,no,Strength / Back Traps (GIFs - BONOS (1)\Costas (55)),remada com banco inclinado com haltres (1).gif,,C:\Users\ADMIN\Desktop\gif exercises\BIBLIOTECA DE EJERCICIOS\5° GIFs DE MUSCULACIÓN\GIFs - BONOS (1)\Costas (55)\remada com banco inclinado com haltres (1).gif
row-with-bar-1,Row with bar 1,strength,back_traps,high,no,Strength / Back Traps (GIFs - BONOS (1)\Costas (55)),remada com barra (1).gif,,C:\Users\ADMIN\Desktop\gif exercises\BIBLIOTECA DE EJERCICIOS\5° GIFs DE MUSCULACIÓN\GIFs - BONOS (1)\Costas (55)\remada com barra (1).gif
row-incline-on-smith-machine-1,Row incline on smith machine 1,strength,back_traps,high,no,Strength / Back Traps (GIFs - BONOS (1)\Costas (55)),remada inclinada no smith (1).gif,,C:\Users\ADMIN\Desktop\gif exercises\BIBLIOTECA DE EJERCICIOS\5° GIFs DE MUSCULACIÓN\GIFs - BONOS (1)\Costas (55)\remada inclinada no smith (1).gif
row-incline-on-bench-grip-bench-press-pulldown-closed-1,Row incline on bench grip bench press pulldown closed 1,strength,back_traps,high,no,Strength / Back Traps (GIFs - BONOS (1)\Costas (55)),remada inclinda no banco pegada supinda puxada fechada (1).gif,,C:\Users\ADMIN\Desktop\gif exercises\BIBLIOTECA DE EJERCICIOS\5° GIFs DE MUSCULACIÓN\GIFs - BONOS (1)\Costas (55)\remada inclinda no banco pegada supinda puxada fechada (1).gif
row-free-with-dumbbells-1,Row free with dumbbells 1,strength,back_traps,high,no,Strength / Back Traps (GIFs - BONOS (1)\Costas (55)),remada livre  com halteres (1).gif,,C:\Users\ADMIN\Desktop\gif exercises\BIBLIOTECA DE EJERCICIOS\5° GIFs DE MUSCULACIÓN\GIFs - BONOS (1)\Costas (55)\remada livre  com halteres (1).gif
row-machine-pronated-1,Row machine pronated 1,strength,back_traps,high,no,Strength / Back Traps (GIFs - BONOS (1)\Costas (55)),remada maquina pronada (1).gif,,C:\Users\ADMIN\Desktop\gif exercises\BIBLIOTECA DE EJERCICIOS\5° GIFs DE MUSCULACIÓN\GIFs - BONOS (1)\Costas (55)\remada maquina pronada (1).gif
row-on-bench-incline-grip-pronated-with-bar-1,Row on bench incline grip pronated with bar 1,strength,back_traps,high,no,Strength / Back Traps (GIFs - BONOS (1)\Costas (55)),remada no banco inclinado pegada pronada com barra (1).gif,,C:\Users\ADMIN\Desktop\gif exercises\BIBLIOTECA DE EJERCICIOS\5° GIFs DE MUSCULACIÓN\GIFs - BONOS (1)\Costas (55)\remada no banco inclinado pegada pronada com barra (1).gif
row-saw-1,Row saw 1,strength,back_traps,high,yes,Strength / Back Traps (GIFs - BONOS (1)\Costas (55)),remada serrote (1).gif,,C:\Users\ADMIN\Desktop\gif exercises\BIBLIOTECA DE EJERCICIOS\5° GIFs DE MUSCULACIÓN\GIFs - BONOS (1)\Costas (55)\remada serrote (1).gif
single-arm-row-seated-machine-bar-pulldown-closed-1,Single-arm row seated machine bar pulldown closed 1,strength,back_traps,high,no,Strength / Back Traps (GIFs - BONOS (1)\Costas (55)),remada unilateral cavalindo barra puxada fechada (1).gif,,C:\Users\ADMIN\Desktop\gif exercises\BIBLIOTECA DE EJERCICIOS\5° GIFs DE MUSCULACIÓN\GIFs - BONOS (1)\Costas (55)\remada unilateral cavalindo barra puxada fechada (1).gif
row-bent-over-bar-1,Row bent-over bar 1,strength,back_traps,high,no,Strength / Back Traps (GIFs - BONOS (1)\Costas (55)),Remanda Curvada Barra (1).gif,,C:\Users\ADMIN\Desktop\gif exercises\BIBLIOTECA DE EJERCICIOS\5° GIFs DE MUSCULACIÓN\GIFs - BONOS (1)\Costas (55)\Remanda Curvada Barra (1).gif
row-unilateral-with-support-bench-1,Row unilateral with support bench 1,strength,back_traps,high,no,Strength / Back Traps (GIFs - BONOS (1)\Costas (55)),Remanda unil com apoio banco (1).gif,,C:\Users\ADMIN\Desktop\gif exercises\BIBLIOTECA DE EJERCICIOS\5° GIFs DE MUSCULACIÓN\GIFs - BONOS (1)\Costas (55)\Remanda unil com apoio banco (1).gif
row-with-bar-on-wrist-1,Row with bar on wrist 1,strength,back_traps,high,no,Strength / Back Traps (GIFs - BONOS (1)\Costas (55)),Remo com barra no punho (1).gif,,C:\Users\ADMIN\Desktop\gif exercises\BIBLIOTECA DE EJERCICIOS\5° GIFs DE MUSCULACIÓN\GIFs - BONOS (1)\Costas (55)\Remo com barra no punho (1).gif
superman-1,Superman 1,strength,back_traps,high,no,Strength / Back Traps (GIFs - BONOS (1)\Costas (55)),superman (1).gif,,C:\Users\ADMIN\Desktop\gif exercises\BIBLIOTECA DE EJERCICIOS\5° GIFs DE MUSCULACIÓN\GIFs - BONOS (1)\Costas (55)\superman (1).gif
fly-machine-reversed-1,Fly machine reversed 1,strength,back_traps,high,no,Strength / Back Traps (GIFs - BONOS (1)\Costas (55)),voador invertido (1).gif,,C:\Users\ADMIN\Desktop\gif exercises\BIBLIOTECA DE EJERCICIOS\5° GIFs DE MUSCULACIÓN\GIFs - BONOS (1)\Costas (55)\voador invertido (1).gif
abduction-of-hip-standing-1,Abduction of hip standing 1,strength,legs_glutes,high,no,Strength / Legs Glutes (GIFs - BONOS (1)\Membros Inferiores (54)),Abduçao de quadril em pé (1).gif,,C:\Users\ADMIN\Desktop\gif exercises\BIBLIOTECA DE EJERCICIOS\5° GIFs DE MUSCULACIÓN\GIFs - BONOS (1)\Membros Inferiores (54)\Abduçao de quadril em pé (1).gif
adductor-on-pull-of-the-cable-cross-1,Adductor on pull of the cable cross 1,strength,legs_glutes,high,no,Strength / Legs Glutes (GIFs - BONOS (1)\Membros Inferiores (54)),adutora na tração do cabo cross (1).gif,,C:\Users\ADMIN\Desktop\gif exercises\BIBLIOTECA DE EJERCICIOS\5° GIFs DE MUSCULACIÓN\GIFs - BONOS (1)\Membros Inferiores (54)\adutora na tração do cabo cross (1).gif
adduction-on-pulley-1,Adduction on pulley 1,strength,legs_glutes,high,no,Strength / Legs Glutes (GIFs - BONOS (1)\Membros Inferiores (54)),Adução na polia (1).gif,,C:\Users\ADMIN\Desktop\gif exercises\BIBLIOTECA DE EJERCICIOS\5° GIFs DE MUSCULACIÓN\GIFs - BONOS (1)\Membros Inferiores (54)\Adução na polia (1).gif
lunge-free-1,Lunge free 1,strength,legs_glutes,high,no,Strength / Legs Glutes (GIFs - BONOS (1)\Membros Inferiores (54)),afundo livre (1).gif,,C:\Users\ADMIN\Desktop\gif exercises\BIBLIOTECA DE EJERCICIOS\5° GIFs DE MUSCULACIÓN\GIFs - BONOS (1)\Membros Inferiores (54)\afundo livre (1).gif
squat-bar-1,Squat bar 1,strength,legs_glutes,high,no,Strength / Legs Glutes (GIFs - BONOS (1)\Membros Inferiores (54)),agachamento barra (1).gif,,C:\Users\ADMIN\Desktop\gif exercises\BIBLIOTECA DE EJERCICIOS\5° GIFs DE MUSCULACIÓN\GIFs - BONOS (1)\Membros Inferiores (54)\agachamento barra (1).gif
squat-bulgarian-1,Squat bulgarian 1,strength,legs_glutes,high,no,Strength / Legs Glutes (GIFs - BONOS (1)\Membros Inferiores (54)),agachamento bulgaro (1).gif,,C:\Users\ADMIN\Desktop\gif exercises\BIBLIOTECA DE EJERCICIOS\5° GIFs DE MUSCULACIÓN\GIFs - BONOS (1)\Membros Inferiores (54)\agachamento bulgaro (1).gif
squat-bulgarian-with-bar-1,Squat bulgarian with bar 1,strength,legs_glutes,high,no,Strength / Legs Glutes (GIFs - BONOS (1)\Membros Inferiores (54)),agachamento bulgaro com barra (1).gif,,C:\Users\ADMIN\Desktop\gif exercises\BIBLIOTECA DE EJERCICIOS\5° GIFs DE MUSCULACIÓN\GIFs - BONOS (1)\Membros Inferiores (54)\agachamento bulgaro com barra (1).gif
squat-with-dumbbells-with-one-leg-1,Squat with dumbbells with one leg 1,strength,legs_glutes,high,no,Strength / Legs Glutes (GIFs - BONOS (1)\Membros Inferiores (54)),Agachamento com halteres com uma perna (1).gif,,C:\Users\ADMIN\Desktop\gif exercises\BIBLIOTECA DE EJERCICIOS\5° GIFs DE MUSCULACIÓN\GIFs - BONOS (1)\Membros Inferiores (54)\Agachamento com halteres com uma perna (1).gif
squat-free-with-bar-1,Squat free with bar 1,strength,legs_glutes,high,no,Strength / Legs Glutes (GIFs - BONOS (1)\Membros Inferiores (54)),Agachamento livre com barra (1).gif,,C:\Users\ADMIN\Desktop\gif exercises\BIBLIOTECA DE EJERCICIOS\5° GIFs DE MUSCULACIÓN\GIFs - BONOS (1)\Membros Inferiores (54)\Agachamento livre com barra (1).gif
squat-free-feet-together-1,Squat free feet together 1,strength,legs_glutes,high,no,Strength / Legs Glutes (GIFs - BONOS (1)\Membros Inferiores (54)),agachamento livre pés juntos (1).gif,,C:\Users\ADMIN\Desktop\gif exercises\BIBLIOTECA DE EJERCICIOS\5° GIFs DE MUSCULACIÓN\GIFs - BONOS (1)\Membros Inferiores (54)\agachamento livre pés juntos (1).gif
squat-on-machine-1,Squat on machine 1,strength,legs_glutes,high,no,Strength / Legs Glutes (GIFs - BONOS (1)\Membros Inferiores (54)),agachamento na maquina (1).gif,,C:\Users\ADMIN\Desktop\gif exercises\BIBLIOTECA DE EJERCICIOS\5° GIFs DE MUSCULACIÓN\GIFs - BONOS (1)\Membros Inferiores (54)\agachamento na maquina (1).gif
squat-on-bench-1,Squat on bench 1,strength,legs_glutes,high,no,Strength / Legs Glutes (GIFs - BONOS (1)\Membros Inferiores (54)),agachamento no banco (1).gif,,C:\Users\ADMIN\Desktop\gif exercises\BIBLIOTECA DE EJERCICIOS\5° GIFs DE MUSCULACIÓN\GIFs - BONOS (1)\Membros Inferiores (54)\agachamento no banco (1).gif
squat-on-cross-1,Squat on cross 1,strength,legs_glutes,high,no,Strength / Legs Glutes (GIFs - BONOS (1)\Membros Inferiores (54)),agachamento no cross (1).gif,,C:\Users\ADMIN\Desktop\gif exercises\BIBLIOTECA DE EJERCICIOS\5° GIFs DE MUSCULACIÓN\GIFs - BONOS (1)\Membros Inferiores (54)\agachamento no cross (1).gif
squat-feet-apart-1,Squat feet apart 1,strength,legs_glutes,high,no,Strength / Legs Glutes (GIFs - BONOS (1)\Membros Inferiores (54)),agachamento pés afastados (1).gif,,C:\Users\ADMIN\Desktop\gif exercises\BIBLIOTECA DE EJERCICIOS\5° GIFs DE MUSCULACIÓN\GIFs - BONOS (1)\Membros Inferiores (54)\agachamento pés afastados (1).gif
squat-sumo-with-dumbbells-1,Squat sumo with dumbbells 1,strength,legs_glutes,high,no,Strength / Legs Glutes (GIFs - BONOS (1)\Membros Inferiores (54)),agachamento sumo com halteres (1).gif,,C:\Users\ADMIN\Desktop\gif exercises\BIBLIOTECA DE EJERCICIOS\5° GIFs DE MUSCULACIÓN\GIFs - BONOS (1)\Membros Inferiores (54)\agachamento sumo com halteres (1).gif
squat-sumo-with-dumbbells-3,Squat sumo with dumbbells 3,strength,legs_glutes,high,no,Strength / Legs Glutes (GIFs - BONOS (1)\Membros Inferiores (54)),Agachamento sumo com halteres (3).gif,,C:\Users\ADMIN\Desktop\gif exercises\BIBLIOTECA DE EJERCICIOS\5° GIFs DE MUSCULACIÓN\GIFs - BONOS (1)\Membros Inferiores (54)\Agachamento sumo com halteres (3).gif
squat-sumo-free-1,Squat sumo free 1,strength,legs_glutes,high,no,Strength / Legs Glutes (GIFs - BONOS (1)\Membros Inferiores (54)),agachamento sumo livre (1).gif,,C:\Users\ADMIN\Desktop\gif exercises\BIBLIOTECA DE EJERCICIOS\5° GIFs DE MUSCULACIÓN\GIFs - BONOS (1)\Membros Inferiores (54)\agachamento sumo livre (1).gif
squat-sumo-bodyweight-1,Squat sumo bodyweight 1,strength,legs_glutes,high,no,Strength / Legs Glutes (GIFs - BONOS (1)\Membros Inferiores (54)),Agachamento Sumo Peso Corporal (1).gif,,C:\Users\ADMIN\Desktop\gif exercises\BIBLIOTECA DE EJERCICIOS\5° GIFs DE MUSCULACIÓN\GIFs - BONOS (1)\Membros Inferiores (54)\Agachamento Sumo Peso Corporal (1).gif
squat-ground-with-dumbbells-of-the-side-1,Squat ground with dumbbells of the side 1,strength,legs_glutes,high,no,Strength / Legs Glutes (GIFs - BONOS (1)\Membros Inferiores (54)),Agachamento terra com halteres do lado (1).gif,,C:\Users\ADMIN\Desktop\gif exercises\BIBLIOTECA DE EJERCICIOS\5° GIFs DE MUSCULACIÓN\GIFs - BONOS (1)\Membros Inferiores (54)\Agachamento terra com halteres do lado (1).gif
hip-adductor-machine-1,Hip adductor machine 1,strength,legs_glutes,high,no,Strength / Legs Glutes (GIFs - BONOS (1)\Membros Inferiores (54)),cadeira adutora (1).gif,,C:\Users\ADMIN\Desktop\gif exercises\BIBLIOTECA DE EJERCICIOS\5° GIFs DE MUSCULACIÓN\GIFs - BONOS (1)\Membros Inferiores (54)\cadeira adutora (1).gif
leg-extension-machine-1,Leg extension machine 1,strength,legs_glutes,high,no,Strength / Legs Glutes (GIFs - BONOS (1)\Membros Inferiores (54)),cadeira extensora (1).gif,,C:\Users\ADMIN\Desktop\gif exercises\BIBLIOTECA DE EJERCICIOS\5° GIFs DE MUSCULACIÓN\GIFs - BONOS (1)\Membros Inferiores (54)\cadeira extensora (1).gif
chair-flex-1,Chair flex 1,strength,legs_glutes,high,no,Strength / Legs Glutes (GIFs - BONOS (1)\Membros Inferiores (54)),cadeira flex (1).gif,,C:\Users\ADMIN\Desktop\gif exercises\BIBLIOTECA DE EJERCICIOS\5° GIFs DE MUSCULACIÓN\GIFs - BONOS (1)\Membros Inferiores (54)\cadeira flex (1).gif
raise-pelvic-free-1,Raise pelvic free 1,strength,legs_glutes,high,no,Strength / Legs Glutes (GIFs - BONOS (1)\Membros Inferiores (54)),elevação pelvica livre (1).gif,,C:\Users\ADMIN\Desktop\gif exercises\BIBLIOTECA DE EJERCICIOS\5° GIFs DE MUSCULACIÓN\GIFs - BONOS (1)\Membros Inferiores (54)\elevação pelvica livre (1).gif
extension-of-hip-standing-1,Extension of hip standing 1,strength,legs_glutes,high,no,Strength / Legs Glutes (GIFs - BONOS (1)\Membros Inferiores (54)),Extensão de Quadril em pé (1).gif,,C:\Users\ADMIN\Desktop\gif exercises\BIBLIOTECA DE EJERCICIOS\5° GIFs DE MUSCULACIÓN\GIFs - BONOS (1)\Membros Inferiores (54)\Extensão de Quadril em pé (1).gif
extension-of-hip-standing-with-knees-bent-1,Extension of hip standing with knees bent 1,strength,legs_glutes,high,no,Strength / Legs Glutes (GIFs - BONOS (1)\Membros Inferiores (54)),Extensão de quadril em pé com joelhos flexionados (1).gif,,C:\Users\ADMIN\Desktop\gif exercises\BIBLIOTECA DE EJERCICIOS\5° GIFs DE MUSCULACIÓN\GIFs - BONOS (1)\Membros Inferiores (54)\Extensão de quadril em pé com joelhos flexionados (1).gif
extension-of-hip-standing-on-pulley-1,Extension of hip standing on pulley 1,strength,legs_glutes,high,no,Strength / Legs Glutes (GIFs - BONOS (1)\Membros Inferiores (54)),Extensão de quadril em pé na polia (1).gif,,C:\Users\ADMIN\Desktop\gif exercises\BIBLIOTECA DE EJERCICIOS\5° GIFs DE MUSCULACIÓN\GIFs - BONOS (1)\Membros Inferiores (54)\Extensão de quadril em pé na polia (1).gif
flex-of-knee-standing-on-cable-cross-1,Flex of knee standing on cable cross 1,strength,legs_glutes,high,no,Strength / Legs Glutes (GIFs - BONOS (1)\Membros Inferiores (54)),flex de joelho  em pé no cabo cross (1).gif,,C:\Users\ADMIN\Desktop\gif exercises\BIBLIOTECA DE EJERCICIOS\5° GIFs DE MUSCULACIÓN\GIFs - BONOS (1)\Membros Inferiores (54)\flex de joelho  em pé no cabo cross (1).gif
flexion-plantar-with-bodyweight-1,Flexion plantar with bodyweight 1,strength,legs_glutes,high,no,Strength / Legs Glutes (GIFs - BONOS (1)\Membros Inferiores (54)),Flexão Plantar com peso corporal (1).gif,,C:\Users\ADMIN\Desktop\gif exercises\BIBLIOTECA DE EJERCICIOS\5° GIFs DE MUSCULACIÓN\GIFs - BONOS (1)\Membros Inferiores (54)\Flexão Plantar com peso corporal (1).gif
leg-press-1,Leg press 1,strength,legs_glutes,high,no,Strength / Legs Glutes (GIFs - BONOS (1)\Membros Inferiores (54)),leg press (1).gif,,C:\Users\ADMIN\Desktop\gif exercises\BIBLIOTECA DE EJERCICIOS\5° GIFs DE MUSCULACIÓN\GIFs - BONOS (1)\Membros Inferiores (54)\leg press (1).gif
leg-press-feet-apart-1,Leg press feet apart 1,strength,legs_glutes,high,no,Strength / Legs Glutes (GIFs - BONOS (1)\Membros Inferiores (54)),leg press pés afastados (1).gif,,C:\Users\ADMIN\Desktop\gif exercises\BIBLIOTECA DE EJERCICIOS\5° GIFs DE MUSCULACIÓN\GIFs - BONOS (1)\Membros Inferiores (54)\leg press pés afastados (1).gif
raise-ground-with-dumbbells-1,Raise ground with dumbbells 1,strength,legs_glutes,high,no,Strength / Legs Glutes (GIFs - BONOS (1)\Membros Inferiores (54)),levantamento tarra com halteres (1).gif,,C:\Users\ADMIN\Desktop\gif exercises\BIBLIOTECA DE EJERCICIOS\5° GIFs DE MUSCULACIÓN\GIFs - BONOS (1)\Membros Inferiores (54)\levantamento tarra com halteres (1).gif
deadlift-with-bar-1,Deadlift with bar 1,strength,legs_glutes,high,no,Strength / Legs Glutes (GIFs - BONOS (1)\Membros Inferiores (54)),levantamento terra com barra (1).gif,,C:\Users\ADMIN\Desktop\gif exercises\BIBLIOTECA DE EJERCICIOS\5° GIFs DE MUSCULACIÓN\GIFs - BONOS (1)\Membros Inferiores (54)\levantamento terra com barra (1).gif
raise-ground-with-dumbbells-front-1,Raise ground with dumbbells front 1,strength,legs_glutes,high,no,Strength / Legs Glutes (GIFs - BONOS (1)\Membros Inferiores (54)),Levantamento terrra com halteres frente (1).gif,,C:\Users\ADMIN\Desktop\gif exercises\BIBLIOTECA DE EJERCICIOS\5° GIFs DE MUSCULACIÓN\GIFs - BONOS (1)\Membros Inferiores (54)\Levantamento terrra com halteres frente (1).gif
table-flex-1,Table flex 1,strength,legs_glutes,high,no,Strength / Legs Glutes (GIFs - BONOS (1)\Membros Inferiores (54)),mesa flex (1).gif,,C:\Users\ADMIN\Desktop\gif exercises\BIBLIOTECA DE EJERCICIOS\5° GIFs DE MUSCULACIÓN\GIFs - BONOS (1)\Membros Inferiores (54)\mesa flex (1).gif
table-flex-unilateral-1,Table flex unilateral 1,strength,legs_glutes,high,no,Strength / Legs Glutes (GIFs - BONOS (1)\Membros Inferiores (54)),mesa flex unilateral (1).gif,,C:\Users\ADMIN\Desktop\gif exercises\BIBLIOTECA DE EJERCICIOS\5° GIFs DE MUSCULACIÓN\GIFs - BONOS (1)\Membros Inferiores (54)\mesa flex unilateral (1).gif
machine-adductor-1,Machine adductor 1,strength,legs_glutes,high,no,Strength / Legs Glutes (GIFs - BONOS (1)\Membros Inferiores (54)),máquina adutora (1).gif,,C:\Users\ADMIN\Desktop\gif exercises\BIBLIOTECA DE EJERCICIOS\5° GIFs DE MUSCULACIÓN\GIFs - BONOS (1)\Membros Inferiores (54)\máquina adutora (1).gif
calf-on-leg-press-1,Calf on leg press 1,strength,legs_glutes,high,no,Strength / Legs Glutes (GIFs - BONOS (1)\Membros Inferiores (54)),panturrinha no leg press (1).gif,,C:\Users\ADMIN\Desktop\gif exercises\BIBLIOTECA DE EJERCICIOS\5° GIFs DE MUSCULACIÓN\GIFs - BONOS (1)\Membros Inferiores (54)\panturrinha no leg press (1).gif
stride-front-with-bar-1,Stride front with bar 1,strength,legs_glutes,high,no,Strength / Legs Glutes (GIFs - BONOS (1)\Membros Inferiores (54)),passada a frente com barra (1).gif,,C:\Users\ADMIN\Desktop\gif exercises\BIBLIOTECA DE EJERCICIOS\5° GIFs DE MUSCULACIÓN\GIFs - BONOS (1)\Membros Inferiores (54)\passada a frente com barra (1).gif
stride-front-with-dumbbells-1,Stride front with dumbbells 1,strength,legs_glutes,high,no,Strength / Legs Glutes (GIFs - BONOS (1)\Membros Inferiores (54)),passada a frente com halteres (1).gif,,C:\Users\ADMIN\Desktop\gif exercises\BIBLIOTECA DE EJERCICIOS\5° GIFs DE MUSCULACIÓN\GIFs - BONOS (1)\Membros Inferiores (54)\passada a frente com halteres (1).gif
stride-with-dumbbells-1,Stride with dumbbells 1,strength,legs_glutes,high,no,Strength / Legs Glutes (GIFs - BONOS (1)\Membros Inferiores (54)),passada com halteres (1).gif,,C:\Users\ADMIN\Desktop\gif exercises\BIBLIOTECA DE EJERCICIOS\5° GIFs DE MUSCULACIÓN\GIFs - BONOS (1)\Membros Inferiores (54)\passada com halteres (1).gif
stride-for-behind-with-bar-1,Stride for behind with bar 1,strength,legs_glutes,high,no,Strength / Legs Glutes (GIFs - BONOS (1)\Membros Inferiores (54)),passada para tras com barra (1).gif,,C:\Users\ADMIN\Desktop\gif exercises\BIBLIOTECA DE EJERCICIOS\5° GIFs DE MUSCULACIÓN\GIFs - BONOS (1)\Membros Inferiores (54)\passada para tras com barra (1).gif
reverse-with-bar-1,Reverse with bar 1,strength,legs_glutes,high,no,Strength / Legs Glutes (GIFs - BONOS (1)\Membros Inferiores (54)),Retrocesso com Barra (1).gif,,C:\Users\ADMIN\Desktop\gif exercises\BIBLIOTECA DE EJERCICIOS\5° GIFs DE MUSCULACIÓN\GIFs - BONOS (1)\Membros Inferiores (54)\Retrocesso com Barra (1).gif
reverse-with-dumbbells-1,Reverse with dumbbells 1,strength,legs_glutes,high,no,Strength / Legs Glutes (GIFs - BONOS (1)\Membros Inferiores (54)),Retrocesso com halteres (1).gif,,C:\Users\ADMIN\Desktop\gif exercises\BIBLIOTECA DE EJERCICIOS\5° GIFs DE MUSCULACIÓN\GIFs - BONOS (1)\Membros Inferiores (54)\Retrocesso com halteres (1).gif
seitlicher-ausfallschritt-mit-langhantel-1,Seitlicher_ausfallschritt_mit_langhantel 1,strength,legs_glutes,needs_review,no,Strength / Legs Glutes (GIFs - BONOS (1)\Membros Inferiores (54)),seitlicher_ausfallschritt_mit_langhantel (1).gif,seitlicher_ausfallschritt_mit_langhantel,C:\Users\ADMIN\Desktop\gif exercises\BIBLIOTECA DE EJERCICIOS\5° GIFs DE MUSCULACIÓN\GIFs - BONOS (1)\Membros Inferiores (54)\seitlicher_ausfallschritt_mit_langhantel (1).gif
stiff-leg-1,Stiff-leg 1,strength,legs_glutes,high,no,Strength / Legs Glutes (GIFs - BONOS (1)\Membros Inferiores (54)),stiff (1).gif,,C:\Users\ADMIN\Desktop\gif exercises\BIBLIOTECA DE EJERCICIOS\5° GIFs DE MUSCULACIÓN\GIFs - BONOS (1)\Membros Inferiores (54)\stiff (1).gif
stiff-leg-with-bar-1,Stiff-leg with bar 1,strength,legs_glutes,high,no,Strength / Legs Glutes (GIFs - BONOS (1)\Membros Inferiores (54)),stiff com barra (1).gif,,C:\Users\ADMIN\Desktop\gif exercises\BIBLIOTECA DE EJERCICIOS\5° GIFs DE MUSCULACIÓN\GIFs - BONOS (1)\Membros Inferiores (54)\stiff com barra (1).gif
stiff-leg-with-dumbbells-1,Stiff-leg with dumbbells 1,strength,legs_glutes,high,no,Strength / Legs Glutes (GIFs - BONOS (1)\Membros Inferiores (54)),Stiff com Halteres (1).gif,,C:\Users\ADMIN\Desktop\gif exercises\BIBLIOTECA DE EJERCICIOS\5° GIFs DE MUSCULACIÓN\GIFs - BONOS (1)\Membros Inferiores (54)\Stiff com Halteres (1).gif
stiff-leg-on-smith-machine-1,Stiff-leg on smith machine 1,strength,legs_glutes,high,no,Strength / Legs Glutes (GIFs - BONOS (1)\Membros Inferiores (54)),stiff no smth (1).gif,,C:\Users\ADMIN\Desktop\gif exercises\BIBLIOTECA DE EJERCICIOS\5° GIFs DE MUSCULACIÓN\GIFs - BONOS (1)\Membros Inferiores (54)\stiff no smth (1).gif
stiff-leg-on-smith-machine-unilateral-1,Stiff-leg on smith machine unilateral 1,strength,legs_glutes,high,no,Strength / Legs Glutes (GIFs - BONOS (1)\Membros Inferiores (54)),stiff no smth unilateral (1).gif,,C:\Users\ADMIN\Desktop\gif exercises\BIBLIOTECA DE EJERCICIOS\5° GIFs DE MUSCULACIÓN\GIFs - BONOS (1)\Membros Inferiores (54)\stiff no smth unilateral (1).gif
stiff-leg-unilateral-with-medicine-ball-1,Stiff-leg unilateral with medicine ball 1,strength,legs_glutes,high,no,Strength / Legs Glutes (GIFs - BONOS (1)\Membros Inferiores (54)),Stiff unil com medball (1).gif,,C:\Users\ADMIN\Desktop\gif exercises\BIBLIOTECA DE EJERCICIOS\5° GIFs DE MUSCULACIÓN\GIFs - BONOS (1)\Membros Inferiores (54)\Stiff unil com medball (1).gif
stiff-leg-unilateral-1,Stiff-leg unilateral 1,strength,legs_glutes,high,no,Strength / Legs Glutes (GIFs - BONOS (1)\Membros Inferiores (54)),stiff unilateral (1).gif,,C:\Users\ADMIN\Desktop\gif exercises\BIBLIOTECA DE EJERCICIOS\5° GIFs DE MUSCULACIÓN\GIFs - BONOS (1)\Membros Inferiores (54)\stiff unilateral (1).gif
stiff-leg-unilateral-with-kettlebell-1,Stiff-leg unilateral with kettlebell 1,strength,legs_glutes,high,no,Strength / Legs Glutes (GIFs - BONOS (1)\Membros Inferiores (54)),stiff unilateral com kettibel (1).gif,,C:\Users\ADMIN\Desktop\gif exercises\BIBLIOTECA DE EJERCICIOS\5° GIFs DE MUSCULACIÓN\GIFs - BONOS (1)\Membros Inferiores (54)\stiff unilateral com kettibel (1).gif
tiefe-langhantel-kniebeuge-1,Tiefe_langhantel_kniebeuge 1,strength,legs_glutes,needs_review,no,Strength / Legs Glutes (GIFs - BONOS (1)\Membros Inferiores (54)),tiefe_langhantel_kniebeuge (1).gif,tiefe_langhantel_kniebeuge,C:\Users\ADMIN\Desktop\gif exercises\BIBLIOTECA DE EJERCICIOS\5° GIFs DE MUSCULACIÓN\GIFs - BONOS (1)\Membros Inferiores (54)\tiefe_langhantel_kniebeuge (1).gif
fly-reverse-on-bench-incline-1,Fly reverse on bench incline 1,strength,shoulders,high,no,Strength / Shoulders (GIFs - BONOS (1)\Ombro (47)),crucifixo inverso no banco inclinado (1).gif,,C:\Users\ADMIN\Desktop\gif exercises\BIBLIOTECA DE EJERCICIOS\5° GIFs DE MUSCULACIÓN\GIFs - BONOS (1)\Ombro (47)\crucifixo inverso no banco inclinado (1).gif
fly-reverse-on-cross-standing-1,Fly reverse on cross standing 1,strength,shoulders,high,no,Strength / Shoulders (GIFs - BONOS (1)\Ombro (47)),crucifixo inverso no cross em pé  (1).gif,,C:\Users\ADMIN\Desktop\gif exercises\BIBLIOTECA DE EJERCICIOS\5° GIFs DE MUSCULACIÓN\GIFs - BONOS (1)\Ombro (47)\crucifixo inverso no cross em pé  (1).gif
fly-reverse-on-cross-on-bench-straight-1,Fly reverse on cross on bench straight 1,strength,shoulders,high,no,Strength / Shoulders (GIFs - BONOS (1)\Ombro (47)),crucifixo inverso no cross no banco reto  (1).gif,,C:\Users\ADMIN\Desktop\gif exercises\BIBLIOTECA DE EJERCICIOS\5° GIFs DE MUSCULACIÓN\GIFs - BONOS (1)\Ombro (47)\crucifixo inverso no cross no banco reto  (1).gif
fly-reversed-with-dumbbells-1,Fly reversed with dumbbells 1,strength,shoulders,high,yes,Strength / Shoulders (GIFs - BONOS (1)\Ombro (47)),Crucifixo Invertido com Halteres (1).gif,,C:\Users\ADMIN\Desktop\gif exercises\BIBLIOTECA DE EJERCICIOS\5° GIFs DE MUSCULACIÓN\GIFs - BONOS (1)\Ombro (47)\Crucifixo Invertido com Halteres (1).gif
fly-i-nvertido-pulley-high-1,Fly i_nvertido pulley high 1,strength,shoulders,needs_review,no,Strength / Shoulders (GIFs - BONOS (1)\Ombro (47)),Crucifixo I_nvertido Polia Alta (1).gif,i_nvertido,C:\Users\ADMIN\Desktop\gif exercises\BIBLIOTECA DE EJERCICIOS\5° GIFs DE MUSCULACIÓN\GIFs - BONOS (1)\Ombro (47)\Crucifixo I_nvertido Polia Alta (1).gif
shoulder-press-with-dumbbells-1,Shoulder press with dumbbells 1,strength,shoulders,high,yes,Strength / Shoulders (GIFs - BONOS (1)\Ombro (47)),Desenvolmento com Halteres (1).gif,,C:\Users\ADMIN\Desktop\gif exercises\BIBLIOTECA DE EJERCICIOS\5° GIFs DE MUSCULACIÓN\GIFs - BONOS (1)\Ombro (47)\Desenvolmento com Halteres (1).gif
shoulder-press-front-with-elastic-1,Shoulder press front with elastic 1,strength,shoulders,high,no,Strength / Shoulders (GIFs - BONOS (1)\Ombro (47)),Desenvolmento Frontal com Elastico (1).gif,,C:\Users\ADMIN\Desktop\gif exercises\BIBLIOTECA DE EJERCICIOS\5° GIFs DE MUSCULACIÓN\GIFs - BONOS (1)\Ombro (47)\Desenvolmento Frontal com Elastico (1).gif
shoulder-press-machine-1,Shoulder press machine 1,strength,shoulders,high,yes,Strength / Shoulders (GIFs - BONOS (1)\Ombro (47)),Desenvolmento Máquina (1).gif,,C:\Users\ADMIN\Desktop\gif exercises\BIBLIOTECA DE EJERCICIOS\5° GIFs DE MUSCULACIÓN\GIFs - BONOS (1)\Ombro (47)\Desenvolmento Máquina (1).gif
shoulder-press-bar-behind-of-the-neck-1,Shoulder press bar behind of the neck 1,strength,shoulders,high,no,Strength / Shoulders (GIFs - BONOS (1)\Ombro (47)),desenvolvimento barra atras da nuca (1).gif,,C:\Users\ADMIN\Desktop\gif exercises\BIBLIOTECA DE EJERCICIOS\5° GIFs DE MUSCULACIÓN\GIFs - BONOS (1)\Ombro (47)\desenvolvimento barra atras da nuca (1).gif
shoulder-press-bar-seated-behind-neck-1,Shoulder press bar seated behind neck 1,strength,shoulders,high,no,Strength / Shoulders (GIFs - BONOS (1)\Ombro (47)),desenvolvimento barra sentado atras nuca (1).gif,,C:\Users\ADMIN\Desktop\gif exercises\BIBLIOTECA DE EJERCICIOS\5° GIFs DE MUSCULACIÓN\GIFs - BONOS (1)\Ombro (47)\desenvolvimento barra sentado atras nuca (1).gif
shoulder-press-cable-cross-1,Shoulder press cable cross 1,strength,shoulders,high,no,Strength / Shoulders (GIFs - BONOS (1)\Ombro (47)),desenvolvimento cabo cross (1).gif,,C:\Users\ADMIN\Desktop\gif exercises\BIBLIOTECA DE EJERCICIOS\5° GIFs DE MUSCULACIÓN\GIFs - BONOS (1)\Ombro (47)\desenvolvimento cabo cross (1).gif
shoulder-press-with-bar-1,Shoulder press with bar 1,strength,shoulders,high,no,Strength / Shoulders (GIFs - BONOS (1)\Ombro (47)),Desenvolvimento com Barra (1).gif,,C:\Users\ADMIN\Desktop\gif exercises\BIBLIOTECA DE EJERCICIOS\5° GIFs DE MUSCULACIÓN\GIFs - BONOS (1)\Ombro (47)\Desenvolvimento com Barra (1).gif
shoulder-press-with-bar-seated-1,Shoulder press with bar seated 1,strength,shoulders,high,no,Strength / Shoulders (GIFs - BONOS (1)\Ombro (47)),Desenvolvimento com Barra sentado (1).gif,,C:\Users\ADMIN\Desktop\gif exercises\BIBLIOTECA DE EJERCICIOS\5° GIFs DE MUSCULACIÓN\GIFs - BONOS (1)\Ombro (47)\Desenvolvimento com Barra sentado (1).gif
shoulder-press-with-dumbbells-1,Shoulder press with dumbbells 1,strength,shoulders,high,yes,Strength / Shoulders (GIFs - BONOS (1)\Ombro (47)),Desenvolvimento com Halteres (1).gif,,C:\Users\ADMIN\Desktop\gif exercises\BIBLIOTECA DE EJERCICIOS\5° GIFs DE MUSCULACIÓN\GIFs - BONOS (1)\Ombro (47)\Desenvolvimento com Halteres (1).gif
shoulder-press-with-rotation-1,Shoulder press with rotation 1,strength,shoulders,high,no,Strength / Shoulders (GIFs - BONOS (1)\Ombro (47)),desenvolvimento com rotação (1).gif,,C:\Users\ADMIN\Desktop\gif exercises\BIBLIOTECA DE EJERCICIOS\5° GIFs DE MUSCULACIÓN\GIFs - BONOS (1)\Ombro (47)\desenvolvimento com rotação (1).gif
shoulder-press-on-bar-1,Shoulder press on bar 1,strength,shoulders,high,no,Strength / Shoulders (GIFs - BONOS (1)\Ombro (47)),desenvolvimento na barra (1).gif,,C:\Users\ADMIN\Desktop\gif exercises\BIBLIOTECA DE EJERCICIOS\5° GIFs DE MUSCULACIÓN\GIFs - BONOS (1)\Ombro (47)\desenvolvimento na barra (1).gif
shoulder-press-on-smith-machine-bar-on-neck-1,Shoulder press on smith machine bar on neck 1,strength,shoulders,high,no,Strength / Shoulders (GIFs - BONOS (1)\Ombro (47)),desenvolvimento no smith barra na nuca (1).gif,,C:\Users\ADMIN\Desktop\gif exercises\BIBLIOTECA DE EJERCICIOS\5° GIFs DE MUSCULACIÓN\GIFs - BONOS (1)\Ombro (47)\desenvolvimento no smith barra na nuca (1).gif
shoulder-press-for-behind-with-bar-1,Shoulder press for behind with bar 1,strength,shoulders,high,no,Strength / Shoulders (GIFs - BONOS (1)\Ombro (47)),Desenvolvimento por tras com barra (1).gif,,C:\Users\ADMIN\Desktop\gif exercises\BIBLIOTECA DE EJERCICIOS\5° GIFs DE MUSCULACIÓN\GIFs - BONOS (1)\Ombro (47)\Desenvolvimento por tras com barra (1).gif
shoulder-press-for-behind-with-bar-1,Shoulder press for behind with bar 1,strength,shoulders,high,yes,Strength / Shoulders (GIFs - BONOS (1)\Ombro (47)),Desenvolvimento por trás com barra (1).gif,,C:\Users\ADMIN\Desktop\gif exercises\BIBLIOTECA DE EJERCICIOS\5° GIFs DE MUSCULACIÓN\GIFs - BONOS (1)\Ombro (47)\Desenvolvimento por trás com barra (1).gif
shoulder-press-seated-with-dumbbells-1,Shoulder press seated with dumbbells 1,strength,shoulders,high,no,Strength / Shoulders (GIFs - BONOS (1)\Ombro (47)),Desenvolvimento Sentado com Halteres (1).gif,,C:\Users\ADMIN\Desktop\gif exercises\BIBLIOTECA DE EJERCICIOS\5° GIFs DE MUSCULACIÓN\GIFs - BONOS (1)\Ombro (47)\Desenvolvimento Sentado com Halteres (1).gif
shoulder-press-seated-smith-machine-1,Shoulder press seated smith machine 1,strength,shoulders,high,no,Strength / Shoulders (GIFs - BONOS (1)\Ombro (47)),Desenvolvimento Sentado Smith (1).gif,,C:\Users\ADMIN\Desktop\gif exercises\BIBLIOTECA DE EJERCICIOS\5° GIFs DE MUSCULACIÓN\GIFs - BONOS (1)\Ombro (47)\Desenvolvimento Sentado Smith (1).gif
shoulder-press-smith-machine-1,Shoulder press smith machine 1,strength,shoulders,high,no,Strength / Shoulders (GIFs - BONOS (1)\Ombro (47)),Desenvolvimento Smith (1).gif,,C:\Users\ADMIN\Desktop\gif exercises\BIBLIOTECA DE EJERCICIOS\5° GIFs DE MUSCULACIÓN\GIFs - BONOS (1)\Ombro (47)\Desenvolvimento Smith (1).gif
shoulder-press-unilateral-1,Shoulder press unilateral 1,strength,shoulders,high,yes,Strength / Shoulders (GIFs - BONOS (1)\Ombro (47)),desenvolvimento unilateral (1).gif,,C:\Users\ADMIN\Desktop\gif exercises\BIBLIOTECA DE EJERCICIOS\5° GIFs DE MUSCULACIÓN\GIFs - BONOS (1)\Ombro (47)\desenvolvimento unilateral (1).gif
shoulder-press-bar-front-seated-1,Shoulder press bar front seated 1,strength,shoulders,high,no,Strength / Shoulders (GIFs - BONOS (1)\Ombro (47)),desnvolvimento barra frente sentado (1).gif,,C:\Users\ADMIN\Desktop\gif exercises\BIBLIOTECA DE EJERCICIOS\5° GIFs DE MUSCULACIÓN\GIFs - BONOS (1)\Ombro (47)\desnvolvimento barra frente sentado (1).gif
raise-bilateral-on-machine-1,Raise bilateral on machine 1,strength,shoulders,high,no,Strength / Shoulders (GIFs - BONOS (1)\Ombro (47)),elevação bilateral na maquina (1).gif,,C:\Users\ADMIN\Desktop\gif exercises\BIBLIOTECA DE EJERCICIOS\5° GIFs DE MUSCULACIÓN\GIFs - BONOS (1)\Ombro (47)\elevação bilateral na maquina (1).gif
raise-of-the-elbow-unilateral-1,Raise of the elbow unilateral 1,strength,shoulders,high,no,Strength / Shoulders (GIFs - BONOS (1)\Ombro (47)),elevação do cotovelo unilateral (1).gif,,C:\Users\ADMIN\Desktop\gif exercises\BIBLIOTECA DE EJERCICIOS\5° GIFs DE MUSCULACIÓN\GIFs - BONOS (1)\Ombro (47)\elevação do cotovelo unilateral (1).gif
front-raise-with-bar-1,Front raise with bar 1,strength,shoulders,high,yes,Strength / Shoulders (GIFs - BONOS (1)\Ombro (47)),Elevação Frontal com Barra (1).gif,,C:\Users\ADMIN\Desktop\gif exercises\BIBLIOTECA DE EJERCICIOS\5° GIFs DE MUSCULACIÓN\GIFs - BONOS (1)\Ombro (47)\Elevação Frontal com Barra (1).gif
front-raise-with-dumbbells-1,Front raise with dumbbells 1,strength,shoulders,high,yes,Strength / Shoulders (GIFs - BONOS (1)\Ombro (47)),elevação frontal com halteres (1).gif,,C:\Users\ADMIN\Desktop\gif exercises\BIBLIOTECA DE EJERCICIOS\5° GIFs DE MUSCULACIÓN\GIFs - BONOS (1)\Ombro (47)\elevação frontal com halteres (1).gif
front-raise-crossover-1,Front raise crossover 1,strength,shoulders,high,no,Strength / Shoulders (GIFs - BONOS (1)\Ombro (47)),Elevação Frontal Crossover (1).gif,,C:\Users\ADMIN\Desktop\gif exercises\BIBLIOTECA DE EJERCICIOS\5° GIFs DE MUSCULACIÓN\GIFs - BONOS (1)\Ombro (47)\Elevação Frontal Crossover (1).gif
lateral-raise-incline-seated-1,Lateral raise incline seated 1,strength,shoulders,high,no,Strength / Shoulders (GIFs - BONOS (1)\Ombro (47)),elevação lateral inclinado sentado (1).gif,,C:\Users\ADMIN\Desktop\gif exercises\BIBLIOTECA DE EJERCICIOS\5° GIFs DE MUSCULACIÓN\GIFs - BONOS (1)\Ombro (47)\elevação lateral inclinado sentado (1).gif
lateral-raise-grip-neutral-reverse-1,Lateral raise grip neutral reverse 1,strength,shoulders,high,no,Strength / Shoulders (GIFs - BONOS (1)\Ombro (47)),elevação lateral pegda neutra inversa (1).gif,,C:\Users\ADMIN\Desktop\gif exercises\BIBLIOTECA DE EJERCICIOS\5° GIFs DE MUSCULACIÓN\GIFs - BONOS (1)\Ombro (47)\elevação lateral pegda neutra inversa (1).gif
lateral-raise-seated-on-bench-1,Lateral raise seated on bench 1,strength,shoulders,high,no,Strength / Shoulders (GIFs - BONOS (1)\Ombro (47)),elevação lateral sentado no banco (1).gif,,C:\Users\ADMIN\Desktop\gif exercises\BIBLIOTECA DE EJERCICIOS\5° GIFs DE MUSCULACIÓN\GIFs - BONOS (1)\Ombro (47)\elevação lateral sentado no banco (1).gif
raise-lateral-with-dumbbells-1,Raise lateral with dumbbells 1,strength,shoulders,high,no,Strength / Shoulders (GIFs - BONOS (1)\Ombro (47)),elevação letaral com haltrers (1).gif,,C:\Users\ADMIN\Desktop\gif exercises\BIBLIOTECA DE EJERCICIOS\5° GIFs DE MUSCULACIÓN\GIFs - BONOS (1)\Ombro (47)\elevação letaral com haltrers (1).gif
raise-lateral-crossed-on-cross-1,Raise lateral crossed on cross 1,strength,shoulders,high,no,Strength / Shoulders (GIFs - BONOS (1)\Ombro (47)),elevação leteral cruzada no cross (1).gif,,C:\Users\ADMIN\Desktop\gif exercises\BIBLIOTECA DE EJERCICIOS\5° GIFs DE MUSCULACIÓN\GIFs - BONOS (1)\Ombro (47)\elevação leteral cruzada no cross (1).gif
raise-unilateral-1,Raise unilateral 1,strength,shoulders,high,no,Strength / Shoulders (GIFs - BONOS (1)\Ombro (47)),elevação unilateral (1).gif,,C:\Users\ADMIN\Desktop\gif exercises\BIBLIOTECA DE EJERCICIOS\5° GIFs DE MUSCULACIÓN\GIFs - BONOS (1)\Ombro (47)\elevação unilateral (1).gif
raise-unilateral-front-1,Raise unilateral front 1,strength,shoulders,high,no,Strength / Shoulders (GIFs - BONOS (1)\Ombro (47)),elevação unilateral frontal (1).gif,,C:\Users\ADMIN\Desktop\gif exercises\BIBLIOTECA DE EJERCICIOS\5° GIFs DE MUSCULACIÓN\GIFs - BONOS (1)\Ombro (47)\elevação unilateral frontal (1).gif
raise-unilateral-on-cross-1,Raise unilateral on cross 1,strength,shoulders,high,no,Strength / Shoulders (GIFs - BONOS (1)\Ombro (47)),elevação unilateral no cross (1).gif,,C:\Users\ADMIN\Desktop\gif exercises\BIBLIOTECA DE EJERCICIOS\5° GIFs DE MUSCULACIÓN\GIFs - BONOS (1)\Ombro (47)\elevação unilateral no cross (1).gif
row-high-with-bar-on-cross-1,Row high with bar on cross 1,strength,shoulders,high,no,Strength / Shoulders (GIFs - BONOS (1)\Ombro (47)),remada alta com barra no cross (1).gif,,C:\Users\ADMIN\Desktop\gif exercises\BIBLIOTECA DE EJERCICIOS\5° GIFs DE MUSCULACIÓN\GIFs - BONOS (1)\Ombro (47)\remada alta com barra no cross (1).gif
row-high-with-bar-grip-wide-1,Row high with bar grip wide 1,strength,shoulders,high,no,Strength / Shoulders (GIFs - BONOS (1)\Ombro (47)),remada alta com barra pegada aberta (1).gif,,C:\Users\ADMIN\Desktop\gif exercises\BIBLIOTECA DE EJERCICIOS\5° GIFs DE MUSCULACIÓN\GIFs - BONOS (1)\Ombro (47)\remada alta com barra pegada aberta (1).gif
row-high-with-bar-w-1,Row high with bar w 1,strength,shoulders,high,no,Strength / Shoulders (GIFs - BONOS (1)\Ombro (47)),remada alta com barra W (1).gif,,C:\Users\ADMIN\Desktop\gif exercises\BIBLIOTECA DE EJERCICIOS\5° GIFs DE MUSCULACIÓN\GIFs - BONOS (1)\Ombro (47)\remada alta com barra W (1).gif
row-high-with-dumbbells-1,Row high with dumbbells 1,strength,shoulders,high,yes,Strength / Shoulders (GIFs - BONOS (1)\Ombro (47)),remada alta com halteres (1).gif,,C:\Users\ADMIN\Desktop\gif exercises\BIBLIOTECA DE EJERCICIOS\5° GIFs DE MUSCULACIÓN\GIFs - BONOS (1)\Ombro (47)\remada alta com halteres (1).gif
row-high-with-dumbbells-bilateral-1,Row high with dumbbells bilateral 1,strength,shoulders,high,no,Strength / Shoulders (GIFs - BONOS (1)\Ombro (47)),remada alta com halteres bilateral (1).gif,,C:\Users\ADMIN\Desktop\gif exercises\BIBLIOTECA DE EJERCICIOS\5° GIFs DE MUSCULACIÓN\GIFs - BONOS (1)\Ombro (47)\remada alta com halteres bilateral (1).gif
row-high-on-cross-1,Row high on cross 1,strength,shoulders,high,no,Strength / Shoulders (GIFs - BONOS (1)\Ombro (47)),remada alta no cross (1).gif,,C:\Users\ADMIN\Desktop\gif exercises\BIBLIOTECA DE EJERCICIOS\5° GIFs DE MUSCULACIÓN\GIFs - BONOS (1)\Ombro (47)\remada alta no cross (1).gif
row-free-with-bar-1,Row free with bar 1,strength,shoulders,high,no,Strength / Shoulders (GIFs - BONOS (1)\Ombro (47)),remada livre com barra (1).gif,,C:\Users\ADMIN\Desktop\gif exercises\BIBLIOTECA DE EJERCICIOS\5° GIFs DE MUSCULACIÓN\GIFs - BONOS (1)\Ombro (47)\remada livre com barra (1).gif
row-high-with-bar-1,Row high with bar 1,strength,shoulders,high,no,Strength / Shoulders (GIFs - BONOS (1)\Ombro (47)),Remanda Alta com Barra (1).gif,,C:\Users\ADMIN\Desktop\gif exercises\BIBLIOTECA DE EJERCICIOS\5° GIFs DE MUSCULACIÓN\GIFs - BONOS (1)\Ombro (47)\Remanda Alta com Barra (1).gif
fly-machine-reverse-1,Fly machine reverse 1,strength,shoulders,high,no,Strength / Shoulders (GIFs - BONOS (1)\Ombro (47)),voador inverso (1).gif,,C:\Users\ADMIN\Desktop\gif exercises\BIBLIOTECA DE EJERCICIOS\5° GIFs DE MUSCULACIÓN\GIFs - BONOS (1)\Ombro (47)\voador inverso (1).gif
support-of-front-with-medicine-ball-1,Support of front with medicine ball 1,strength,chest,high,no,Strength / Chest (GIFs - BONOS (1)\Peito (40)),Apoio de frente com medball (1).gif,,C:\Users\ADMIN\Desktop\gif exercises\BIBLIOTECA DE EJERCICIOS\5° GIFs DE MUSCULACIÓN\GIFs - BONOS (1)\Peito (40)\Apoio de frente com medball (1).gif
support-of-front-with-step-1,Support of front with step 1,strength,chest,high,no,Strength / Chest (GIFs - BONOS (1)\Peito (40)),Apoio de frente com step (1).gif,,C:\Users\ADMIN\Desktop\gif exercises\BIBLIOTECA DE EJERCICIOS\5° GIFs DE MUSCULACIÓN\GIFs - BONOS (1)\Peito (40)\Apoio de frente com step (1).gif
support-of-front-of-knees-1,Support of front of knees 1,strength,chest,high,no,Strength / Chest (GIFs - BONOS (1)\Peito (40)),Apoio de frente de joelhos (1).gif,,C:\Users\ADMIN\Desktop\gif exercises\BIBLIOTECA DE EJERCICIOS\5° GIFs DE MUSCULACIÓN\GIFs - BONOS (1)\Peito (40)\Apoio de frente de joelhos (1).gif
fly-low-on-cross-standing-1,Fly low on cross standing 1,strength,chest,high,no,Strength / Chest (GIFs - BONOS (1)\Peito (40)),crucifixo beixo no croos em pe (1).gif,,C:\Users\ADMIN\Desktop\gif exercises\BIBLIOTECA DE EJERCICIOS\5° GIFs DE MUSCULACIÓN\GIFs - BONOS (1)\Peito (40)\crucifixo beixo no croos em pe (1).gif
incline-bench-fly-bench-with-dumbbells-1,Incline bench fly bench with dumbbells 1,strength,chest,high,no,Strength / Chest (GIFs - BONOS (1)\Peito (40)),crucifixo inclinado banco com halteres (1).gif,,C:\Users\ADMIN\Desktop\gif exercises\BIBLIOTECA DE EJERCICIOS\5° GIFs DE MUSCULACIÓN\GIFs - BONOS (1)\Peito (40)\crucifixo inclinado banco com halteres (1).gif
fly-machine-1,Fly machine 1,strength,chest,high,no,Strength / Chest (GIFs - BONOS (1)\Peito (40)),Crucifixo Maquina (1).gif,,C:\Users\ADMIN\Desktop\gif exercises\BIBLIOTECA DE EJERCICIOS\5° GIFs DE MUSCULACIÓN\GIFs - BONOS (1)\Peito (40)\Crucifixo Maquina (1).gif
fly-on-cross-bench-straight-1,Fly on cross bench straight 1,strength,chest,high,no,Strength / Chest (GIFs - BONOS (1)\Peito (40)),crucifixo no cross banco reto (1).gif,,C:\Users\ADMIN\Desktop\gif exercises\BIBLIOTECA DE EJERCICIOS\5° GIFs DE MUSCULACIÓN\GIFs - BONOS (1)\Peito (40)\crucifixo no cross banco reto (1).gif
fly-on-cross-standing-1,Fly on cross standing 1,strength,chest,high,no,Strength / Chest (GIFs - BONOS (1)\Peito (40)),crucifixo no cross em pé (1).gif,,C:\Users\ADMIN\Desktop\gif exercises\BIBLIOTECA DE EJERCICIOS\5° GIFs DE MUSCULACIÓN\GIFs - BONOS (1)\Peito (40)\crucifixo no cross em pé (1).gif
fly-on-cross-pulley-high-1,Fly on cross pulley high 1,strength,chest,high,no,Strength / Chest (GIFs - BONOS (1)\Peito (40)),crucifixo no cross polia alta (1).gif,,C:\Users\ADMIN\Desktop\gif exercises\BIBLIOTECA DE EJERCICIOS\5° GIFs DE MUSCULACIÓN\GIFs - BONOS (1)\Peito (40)\crucifixo no cross polia alta (1).gif
dumbbell-covers-with-arms-extended-1,Dumbbell covers with arms extended 1,strength,chest,needs_review,no,Strength / Chest (GIFs - BONOS (1)\Peito (40)),Dumbbell covers com braços estendidos (1).gif,covers,C:\Users\ADMIN\Desktop\gif exercises\BIBLIOTECA DE EJERCICIOS\5° GIFs DE MUSCULACIÓN\GIFs - BONOS (1)\Peito (40)\Dumbbell covers com braços estendidos (1).gif
dumbbell-covers-with-dumbbells-1,Dumbbell covers with dumbbells 1,strength,chest,needs_review,no,Strength / Chest (GIFs - BONOS (1)\Peito (40)),Dumbbell covers com halteres (1).gif,covers,C:\Users\ADMIN\Desktop\gif exercises\BIBLIOTECA DE EJERCICIOS\5° GIFs DE MUSCULACIÓN\GIFs - BONOS (1)\Peito (40)\Dumbbell covers com halteres (1).gif
dumbbell-covers-on-ball-swiss-1,Dumbbell covers on ball swiss 1,strength,chest,needs_review,no,Strength / Chest (GIFs - BONOS (1)\Peito (40)),Dumbbell covers na bola suiça (1).gif,covers,C:\Users\ADMIN\Desktop\gif exercises\BIBLIOTECA DE EJERCICIOS\5° GIFs DE MUSCULACIÓN\GIFs - BONOS (1)\Peito (40)\Dumbbell covers na bola suiça (1).gif
dumbbell-fly-uitvoering-en-uitleg-men-spower-1,Dumbbell fly • uitvoering en uitleg • men_spower 1,strength,chest,needs_review,no,Strength / Chest (GIFs - BONOS (1)\Peito (40)),Dumbbell fly • uitvoering en uitleg • Men_sPower (1).gif,• uitvoering en uitleg • men_spower,C:\Users\ADMIN\Desktop\gif exercises\BIBLIOTECA DE EJERCICIOS\5° GIFs DE MUSCULACIÓN\GIFs - BONOS (1)\Peito (40)\Dumbbell fly • uitvoering en uitleg • Men_sPower (1).gif
flex-of-elbow-arms-open-1,Flex of elbow arms open 1,strength,chest,high,no,Strength / Chest (GIFs - BONOS (1)\Peito (40)),flex de cotovelo braços aberto (1).gif,,C:\Users\ADMIN\Desktop\gif exercises\BIBLIOTECA DE EJERCICIOS\5° GIFs DE MUSCULACIÓN\GIFs - BONOS (1)\Peito (40)\flex de cotovelo braços aberto (1).gif
flex-of-elbow-full-1,Flex of elbow full 1,strength,chest,high,no,Strength / Chest (GIFs - BONOS (1)\Peito (40)),flex de cotovelo completa (1).gif,,C:\Users\ADMIN\Desktop\gif exercises\BIBLIOTECA DE EJERCICIOS\5° GIFs DE MUSCULACIÓN\GIFs - BONOS (1)\Peito (40)\flex de cotovelo completa (1).gif
flex-of-elbow-decline-1,Flex of elbow decline 1,strength,chest,high,no,Strength / Chest (GIFs - BONOS (1)\Peito (40)),flex de cotovelo declinado (1).gif,,C:\Users\ADMIN\Desktop\gif exercises\BIBLIOTECA DE EJERCICIOS\5° GIFs DE MUSCULACIÓN\GIFs - BONOS (1)\Peito (40)\flex de cotovelo declinado (1).gif
flex-of-elbow-decline-using-bench-1,Flex of elbow decline using bench 1,strength,chest,high,no,Strength / Chest (GIFs - BONOS (1)\Peito (40)),flex de cotovelo declinado utilizando o banco (1).gif,,C:\Users\ADMIN\Desktop\gif exercises\BIBLIOTECA DE EJERCICIOS\5° GIFs DE MUSCULACIÓN\GIFs - BONOS (1)\Peito (40)\flex de cotovelo declinado utilizando o banco (1).gif
chest-on-parallel-bar-1,Chest on parallel bar 1,strength,chest,high,no,Strength / Chest (GIFs - BONOS (1)\Peito (40)),peito na paralela (1).gif,,C:\Users\ADMIN\Desktop\gif exercises\BIBLIOTECA DE EJERCICIOS\5° GIFs DE MUSCULACIÓN\GIFs - BONOS (1)\Peito (40)\peito na paralela (1).gif
bench-press-straight-bar-1,Bench press straight bar 1,strength,chest,high,no,Strength / Chest (GIFs - BONOS (1)\Peito (40)),supindo reto barra (1).gif,,C:\Users\ADMIN\Desktop\gif exercises\BIBLIOTECA DE EJERCICIOS\5° GIFs DE MUSCULACIÓN\GIFs - BONOS (1)\Peito (40)\supindo reto barra (1).gif
bench-press-articulated-machine-1,Bench press articulated machine 1,strength,chest,high,no,Strength / Chest (GIFs - BONOS (1)\Peito (40)),supino articulado maquina (1).gif,,C:\Users\ADMIN\Desktop\gif exercises\BIBLIOTECA DE EJERCICIOS\5° GIFs DE MUSCULACIÓN\GIFs - BONOS (1)\Peito (40)\supino articulado maquina (1).gif
bench-press-fly-with-dumbbells-1,Bench press fly with dumbbells 1,strength,chest,high,no,Strength / Chest (GIFs - BONOS (1)\Peito (40)),supino crucifixo com halteres (1).gif,,C:\Users\ADMIN\Desktop\gif exercises\BIBLIOTECA DE EJERCICIOS\5° GIFs DE MUSCULACIÓN\GIFs - BONOS (1)\Peito (40)\supino crucifixo com halteres (1).gif
decline-bench-press-bar-1,Decline bench press bar 1,strength,chest,high,no,Strength / Chest (GIFs - BONOS (1)\Peito (40)),supino declinado barra (1).gif,,C:\Users\ADMIN\Desktop\gif exercises\BIBLIOTECA DE EJERCICIOS\5° GIFs DE MUSCULACIÓN\GIFs - BONOS (1)\Peito (40)\supino declinado barra (1).gif
decline-bench-press-bar-grip-wide-1,Decline bench press bar grip wide 1,strength,chest,high,no,Strength / Chest (GIFs - BONOS (1)\Peito (40)),supino declinado barrapegada aberta (1).gif,,C:\Users\ADMIN\Desktop\gif exercises\BIBLIOTECA DE EJERCICIOS\5° GIFs DE MUSCULACIÓN\GIFs - BONOS (1)\Peito (40)\supino declinado barrapegada aberta (1).gif
decline-bench-press-with-dumbbells-1,Decline bench press with dumbbells 1,strength,chest,high,no,Strength / Chest (GIFs - BONOS (1)\Peito (40)),supino declinado com halteres (1).gif,,C:\Users\ADMIN\Desktop\gif exercises\BIBLIOTECA DE EJERCICIOS\5° GIFs DE MUSCULACIÓN\GIFs - BONOS (1)\Peito (40)\supino declinado com halteres (1).gif
decline-bench-press-on-smith-machine-1,Decline bench press on smith machine 1,strength,chest,high,no,Strength / Chest (GIFs - BONOS (1)\Peito (40)),supino declinado no smit (1).gif,,C:\Users\ADMIN\Desktop\gif exercises\BIBLIOTECA DE EJERCICIOS\5° GIFs DE MUSCULACIÓN\GIFs - BONOS (1)\Peito (40)\supino declinado no smit (1).gif
bench-press-horizontal-machine-1,Bench press horizontal machine 1,strength,chest,high,no,Strength / Chest (GIFs - BONOS (1)\Peito (40)),supino horizontal maquina (1).gif,,C:\Users\ADMIN\Desktop\gif exercises\BIBLIOTECA DE EJERCICIOS\5° GIFs DE MUSCULACIÓN\GIFs - BONOS (1)\Peito (40)\supino horizontal maquina (1).gif
bench-press-incline-machine-1,Bench press incline machine 1,strength,chest,high,no,Strength / Chest (GIFs - BONOS (1)\Peito (40)),Supino Incliado Maquina (1).gif,,C:\Users\ADMIN\Desktop\gif exercises\BIBLIOTECA DE EJERCICIOS\5° GIFs DE MUSCULACIÓN\GIFs - BONOS (1)\Peito (40)\Supino Incliado Maquina (1).gif
incline-bench-press-machine-articulated-1,Incline bench press machine articulated 1,strength,chest,high,no,Strength / Chest (GIFs - BONOS (1)\Peito (40)),supino inclinado  aparelho articulado (1).gif,,C:\Users\ADMIN\Desktop\gif exercises\BIBLIOTECA DE EJERCICIOS\5° GIFs DE MUSCULACIÓN\GIFs - BONOS (1)\Peito (40)\supino inclinado  aparelho articulado (1).gif
incline-bench-press-bench-1,Incline bench press bench 1,strength,chest,high,no,Strength / Chest (GIFs - BONOS (1)\Peito (40)),supino inclinado banco (1).gif,,C:\Users\ADMIN\Desktop\gif exercises\BIBLIOTECA DE EJERCICIOS\5° GIFs DE MUSCULACIÓN\GIFs - BONOS (1)\Peito (40)\supino inclinado banco (1).gif
incline-bench-press-bench-cross-1,Incline bench press bench cross 1,strength,chest,high,no,Strength / Chest (GIFs - BONOS (1)\Peito (40)),supino inclinado banco cross (1).gif,,C:\Users\ADMIN\Desktop\gif exercises\BIBLIOTECA DE EJERCICIOS\5° GIFs DE MUSCULACIÓN\GIFs - BONOS (1)\Peito (40)\supino inclinado banco cross (1).gif
incline-bench-press-bench-on-smith-machine-1,Incline bench press bench on smith machine 1,strength,chest,high,no,Strength / Chest (GIFs - BONOS (1)\Peito (40)),supino inclinado banco no smith (1).gif,,C:\Users\ADMIN\Desktop\gif exercises\BIBLIOTECA DE EJERCICIOS\5° GIFs DE MUSCULACIÓN\GIFs - BONOS (1)\Peito (40)\supino inclinado banco no smith (1).gif
incline-bench-press-with-dumbbells-1,Incline bench press with dumbbells 1,strength,chest,high,no,Strength / Chest (GIFs - BONOS (1)\Peito (40)),Supino inclinado com halteres (1).gif,,C:\Users\ADMIN\Desktop\gif exercises\BIBLIOTECA DE EJERCICIOS\5° GIFs DE MUSCULACIÓN\GIFs - BONOS (1)\Peito (40)\Supino inclinado com halteres (1).gif
incline-bench-press-on-smith-machine-1,Incline bench press on smith machine 1,strength,chest,high,no,Strength / Chest (GIFs - BONOS (1)\Peito (40)),supino inclinado no smith (1).gif,,C:\Users\ADMIN\Desktop\gif exercises\BIBLIOTECA DE EJERCICIOS\5° GIFs DE MUSCULACIÓN\GIFs - BONOS (1)\Peito (40)\supino inclinado no smith (1).gif
flat-bench-press-on-cross-1,Flat bench press on cross 1,strength,chest,high,no,Strength / Chest (GIFs - BONOS (1)\Peito (40)),supino reto  no cross (1).gif,,C:\Users\ADMIN\Desktop\gif exercises\BIBLIOTECA DE EJERCICIOS\5° GIFs DE MUSCULACIÓN\GIFs - BONOS (1)\Peito (40)\supino reto  no cross (1).gif
flat-bench-press-with-dumbbells-1,Flat bench press with dumbbells 1,strength,chest,high,no,Strength / Chest (GIFs - BONOS (1)\Peito (40)),supino reto com halteres (1).gif,,C:\Users\ADMIN\Desktop\gif exercises\BIBLIOTECA DE EJERCICIOS\5° GIFs DE MUSCULACIÓN\GIFs - BONOS (1)\Peito (40)\supino reto com halteres (1).gif
flat-bench-press-with-dumbbells-3,Flat bench press with dumbbells 3,strength,chest,high,no,Strength / Chest (GIFs - BONOS (1)\Peito (40)),Supino reto com halteres (3).gif,,C:\Users\ADMIN\Desktop\gif exercises\BIBLIOTECA DE EJERCICIOS\5° GIFs DE MUSCULACIÓN\GIFs - BONOS (1)\Peito (40)\Supino reto com halteres (3).gif
flat-bench-press-grip-wide-1,Flat bench press grip wide 1,strength,chest,high,no,Strength / Chest (GIFs - BONOS (1)\Peito (40)),supino reto pegada aberta (1).gif,,C:\Users\ADMIN\Desktop\gif exercises\BIBLIOTECA DE EJERCICIOS\5° GIFs DE MUSCULACIÓN\GIFs - BONOS (1)\Peito (40)\supino reto pegada aberta (1).gif
bench-press-vertical-neutral-grip-machine-1,Bench press vertical neutral grip machine 1,strength,chest,high,no,Strength / Chest (GIFs - BONOS (1)\Peito (40)),supino vertical pegada neutra maquina (1).gif,,C:\Users\ADMIN\Desktop\gif exercises\BIBLIOTECA DE EJERCICIOS\5° GIFs DE MUSCULACIÓN\GIFs - BONOS (1)\Peito (40)\supino vertical pegada neutra maquina (1).gif
fly-machine-machine-1,Fly machine machine 1,strength,chest,high,no,Strength / Chest (GIFs - BONOS (1)\Peito (40)),voador maquina (1).gif,,C:\Users\ADMIN\Desktop\gif exercises\BIBLIOTECA DE EJERCICIOS\5° GIFs DE MUSCULACIÓN\GIFs - BONOS (1)\Peito (40)\voador maquina (1).gif
cable-standing-calf-raise-1,Cable standing calf raise 1,strength,calves,high,no,Strength / Calves (PANTORRILLA (1)),cable-standing-calf-raise (1).gif,,C:\Users\ADMIN\Desktop\gif exercises\BIBLIOTECA DE EJERCICIOS\5° GIFs DE MUSCULACIÓN\PANTORRILLA (1)\cable-standing-calf-raise (1).gif
calf-squats-1,Calf squats 1,strength,calves,high,no,Strength / Calves (PANTORRILLA (1)),calf-squats (1).gif,,C:\Users\ADMIN\Desktop\gif exercises\BIBLIOTECA DE EJERCICIOS\5° GIFs DE MUSCULACIÓN\PANTORRILLA (1)\calf-squats (1).gif
donkey-calf-raise-1,Donkey calf raise 1,strength,calves,high,no,Strength / Calves (PANTORRILLA (1)),donkey-calf-raise (1).gif,,C:\Users\ADMIN\Desktop\gif exercises\BIBLIOTECA DE EJERCICIOS\5° GIFs DE MUSCULACIÓN\PANTORRILLA (1)\donkey-calf-raise (1).gif
dumbbell-calf-raise-1,Dumbbell calf raise 1,strength,calves,high,no,Strength / Calves (PANTORRILLA (1)),dumbbell-calf-raise (1).gif,,C:\Users\ADMIN\Desktop\gif exercises\BIBLIOTECA DE EJERCICIOS\5° GIFs DE MUSCULACIÓN\PANTORRILLA (1)\dumbbell-calf-raise (1).gif
calves-seated-1,Calves seated 1,strength,calves,high,no,Strength / Calves (PANTORRILLA (1)),Gemeos sentado (1).gif,,C:\Users\ADMIN\Desktop\gif exercises\BIBLIOTECA DE EJERCICIOS\5° GIFs DE MUSCULACIÓN\PANTORRILLA (1)\Gemeos sentado (1).gif
leg-press-calf-raise-1,Leg press calf raise 1,strength,calves,high,no,Strength / Calves (PANTORRILLA (1)),leg-press-calf-raise (1).gif,,C:\Users\ADMIN\Desktop\gif exercises\BIBLIOTECA DE EJERCICIOS\5° GIFs DE MUSCULACIÓN\PANTORRILLA (1)\leg-press-calf-raise (1).gif
negative-calf-raise-1,Negative calf raise 1,strength,calves,high,no,Strength / Calves (PANTORRILLA (1)),negative-calf-raise (1).gif,,C:\Users\ADMIN\Desktop\gif exercises\BIBLIOTECA DE EJERCICIOS\5° GIFs DE MUSCULACIÓN\PANTORRILLA (1)\negative-calf-raise (1).gif
calf-with-dumbbells-1,Calf with dumbbells 1,strength,calves,high,no,Strength / Calves (PANTORRILLA (1)),Panturrilha com halteres (1).gif,,C:\Users\ADMIN\Desktop\gif exercises\BIBLIOTECA DE EJERCICIOS\5° GIFs DE MUSCULACIÓN\PANTORRILLA (1)\Panturrilha com halteres (1).gif
standing-calf-raise-machine-1,Standing calf raise machine 1,strength,calves,high,no,Strength / Calves (PANTORRILLA (1)),Panturrilha em pé máquina (1).gif,,C:\Users\ADMIN\Desktop\gif exercises\BIBLIOTECA DE EJERCICIOS\5° GIFs DE MUSCULACIÓN\PANTORRILLA (1)\Panturrilha em pé máquina (1).gif
standing-calf-raise-unilateral-1,Standing calf raise unilateral 1,strength,calves,high,no,Strength / Calves (PANTORRILLA (1)),Panturrilha em pé unilateral (1).gif,,C:\Users\ADMIN\Desktop\gif exercises\BIBLIOTECA DE EJERCICIOS\5° GIFs DE MUSCULACIÓN\PANTORRILLA (1)\Panturrilha em pé unilateral (1).gif
calf-leg-45-1,Calf leg 45 1,strength,calves,high,no,Strength / Calves (PANTORRILLA (1)),Panturrilha leg 45 (1).gif,,C:\Users\ADMIN\Desktop\gif exercises\BIBLIOTECA DE EJERCICIOS\5° GIFs DE MUSCULACIÓN\PANTORRILLA (1)\Panturrilha leg 45 (1).gif
calf-leg-press-horizontal-1,Calf leg press horizontal 1,strength,calves,high,no,Strength / Calves (PANTORRILLA (1)),Panturrilha leg press horizontal (1).gif,,C:\Users\ADMIN\Desktop\gif exercises\BIBLIOTECA DE EJERCICIOS\5° GIFs DE MUSCULACIÓN\PANTORRILLA (1)\Panturrilha leg press horizontal (1).gif
calf-machine-02-1,Calf machine 02 1,strength,calves,high,no,Strength / Calves (PANTORRILLA (1)),Panturrilha maquina 02 (1).gif,,C:\Users\ADMIN\Desktop\gif exercises\BIBLIOTECA DE EJERCICIOS\5° GIFs DE MUSCULACIÓN\PANTORRILLA (1)\Panturrilha maquina 02 (1).gif
seated-calf-raise-1,Seated calf raise 1,strength,calves,high,no,Strength / Calves (PANTORRILLA (1)),seated-calf-raise (1).gif,,C:\Users\ADMIN\Desktop\gif exercises\BIBLIOTECA DE EJERCICIOS\5° GIFs DE MUSCULACIÓN\PANTORRILLA (1)\seated-calf-raise (1).gif
seated-calf-raise-dumbbell-1,Seated calf raise dumbbell 1,strength,calves,high,no,Strength / Calves (PANTORRILLA (1)),seated-calf-raise-dumbbell (1).gif,,C:\Users\ADMIN\Desktop\gif exercises\BIBLIOTECA DE EJERCICIOS\5° GIFs DE MUSCULACIÓN\PANTORRILLA (1)\seated-calf-raise-dumbbell (1).gif
single-leg-calf-raise-1,Single leg calf raise 1,strength,calves,high,no,Strength / Calves (PANTORRILLA (1)),single-leg-calf-raise (1).gif,,C:\Users\ADMIN\Desktop\gif exercises\BIBLIOTECA DE EJERCICIOS\5° GIFs DE MUSCULACIÓN\PANTORRILLA (1)\single-leg-calf-raise (1).gif
smith-machine-calf-raise-1,Smith-machine-calf-raise 1,strength,calves,needs_review,no,Strength / Calves (PANTORRILLA (1)),smith-machine-calf-raise (1).gif,smith-machine-calf-raise,C:\Users\ADMIN\Desktop\gif exercises\BIBLIOTECA DE EJERCICIOS\5° GIFs DE MUSCULACIÓN\PANTORRILLA (1)\smith-machine-calf-raise (1).gif
standing-calf-raise-2,Standing calf raise 2,strength,calves,high,no,Strength / Calves (PANTORRILLA (1)),standing-calf-raise (2).gif,,C:\Users\ADMIN\Desktop\gif exercises\BIBLIOTECA DE EJERCICIOS\5° GIFs DE MUSCULACIÓN\PANTORRILLA (1)\standing-calf-raise (2).gif
standing-calf-raise-3,Standing calf raise 3,strength,calves,high,no,Strength / Calves (PANTORRILLA (1)),standing-calf-raise (3).gif,,C:\Users\ADMIN\Desktop\gif exercises\BIBLIOTECA DE EJERCICIOS\5° GIFs DE MUSCULACIÓN\PANTORRILLA (1)\standing-calf-raise (3).gif
soleus-01-1,Soleus 01 1,strength,calves,high,no,Strength / Calves (PANTORRILLA (1)),Sóleo 01 (1).gif,,C:\Users\ADMIN\Desktop\gif exercises\BIBLIOTECA DE EJERCICIOS\5° GIFs DE MUSCULACIÓN\PANTORRILLA (1)\Sóleo 01 (1).gif
support-clapping-clap-1,Support clapping clap 1,strength,chest,high,no,Strength / Chest (PECTORAL (1)),Apoio batendo palmas (1).gif,,C:\Users\ADMIN\Desktop\gif exercises\BIBLIOTECA DE EJERCICIOS\5° GIFs DE MUSCULACIÓN\PECTORAL (1)\Apoio batendo palmas (1).gif
barbell-decline-bench-press-1,Barbell decline bench press 1,strength,chest,high,no,Strength / Chest (PECTORAL (1)),barbell-decline-bench-press (1).gif,,C:\Users\ADMIN\Desktop\gif exercises\BIBLIOTECA DE EJERCICIOS\5° GIFs DE MUSCULACIÓN\PECTORAL (1)\barbell-decline-bench-press (1).gif
barbell-pullover-1,Barbell pullover 1,strength,chest,high,no,Strength / Chest (PECTORAL (1)),barbell-pullover (1).gif,,C:\Users\ADMIN\Desktop\gif exercises\BIBLIOTECA DE EJERCICIOS\5° GIFs DE MUSCULACIÓN\PECTORAL (1)\barbell-pullover (1).gif
bench-press-feet-up-1,Bench press feet up 1,strength,chest,high,no,Strength / Chest (PECTORAL (1)),bench-press-feet-up (1).gif,,C:\Users\ADMIN\Desktop\gif exercises\BIBLIOTECA DE EJERCICIOS\5° GIFs DE MUSCULACIÓN\PECTORAL (1)\bench-press-feet-up (1).gif
cable-cross-over-1,Cable cross over 1,strength,chest,high,no,Strength / Chest (PECTORAL (1)),cable-cross-over (1).gif,,C:\Users\ADMIN\Desktop\gif exercises\BIBLIOTECA DE EJERCICIOS\5° GIFs DE MUSCULACIÓN\PECTORAL (1)\cable-cross-over (1).gif
cable-fly-1,Cable fly 1,strength,chest,high,no,Strength / Chest (PECTORAL (1)),cable-fly (1).gif,,C:\Users\ADMIN\Desktop\gif exercises\BIBLIOTECA DE EJERCICIOS\5° GIFs DE MUSCULACIÓN\PECTORAL (1)\cable-fly (1).gif
chest-press-machine-1,Chest press machine 1,strength,chest,high,no,Strength / Chest (PECTORAL (1)),chest-press-machine (1).gif,,C:\Users\ADMIN\Desktop\gif exercises\BIBLIOTECA DE EJERCICIOS\5° GIFs DE MUSCULACIÓN\PECTORAL (1)\chest-press-machine (1).gif
cross-over-1-1,Cross over 1 1,strength,chest,high,no,Strength / Chest (PECTORAL (1)),Cross over 1 (1).gif,,C:\Users\ADMIN\Desktop\gif exercises\BIBLIOTECA DE EJERCICIOS\5° GIFs DE MUSCULACIÓN\PECTORAL (1)\Cross over 1 (1).gif
cross-over-2-1,Cross over 2 1,strength,chest,high,no,Strength / Chest (PECTORAL (1)),Cross over 2 (1).gif,,C:\Users\ADMIN\Desktop\gif exercises\BIBLIOTECA DE EJERCICIOS\5° GIFs DE MUSCULACIÓN\PECTORAL (1)\Cross over 2 (1).gif
cross-over-high-1,Cross over high 1,strength,chest,high,no,Strength / Chest (PECTORAL (1)),Cross over alto (1).gif,,C:\Users\ADMIN\Desktop\gif exercises\BIBLIOTECA DE EJERCICIOS\5° GIFs DE MUSCULACIÓN\PECTORAL (1)\Cross over alto (1).gif
cross-over-pulley-low-1,Cross over pulley low 1,strength,chest,high,no,Strength / Chest (PECTORAL (1)),Cross over polia baixa (1).gif,,C:\Users\ADMIN\Desktop\gif exercises\BIBLIOTECA DE EJERCICIOS\5° GIFs DE MUSCULACIÓN\PECTORAL (1)\Cross over polia baixa (1).gif
crossover-1,Crossover 1,strength,chest,high,no,Strength / Chest (PECTORAL (1)),CROSSOVER (1).gif,,C:\Users\ADMIN\Desktop\gif exercises\BIBLIOTECA DE EJERCICIOS\5° GIFs DE MUSCULACIÓN\PECTORAL (1)\CROSSOVER (1).gif
fly-with-dumbbells-1,Fly with dumbbells 1,strength,chest,high,no,Strength / Chest (PECTORAL (1)),Crucifico com halteres (1).gif,,C:\Users\ADMIN\Desktop\gif exercises\BIBLIOTECA DE EJERCICIOS\5° GIFs DE MUSCULACIÓN\PECTORAL (1)\Crucifico com halteres (1).gif
incline-bench-fly-with-dumbbells-1,Incline bench fly with dumbbells 1,strength,chest,high,no,Strength / Chest (PECTORAL (1)),Crucifixo inclinado com halteres (1).gif,,C:\Users\ADMIN\Desktop\gif exercises\BIBLIOTECA DE EJERCICIOS\5° GIFs DE MUSCULACIÓN\PECTORAL (1)\Crucifixo inclinado com halteres (1).gif
incline-bench-fly-on-cable-2-1,Incline bench fly on cable 2 1,strength,chest,high,no,Strength / Chest (PECTORAL (1)),Crucifixo inclinado no cabo 2 (1).gif,,C:\Users\ADMIN\Desktop\gif exercises\BIBLIOTECA DE EJERCICIOS\5° GIFs DE MUSCULACIÓN\PECTORAL (1)\Crucifixo inclinado no cabo 2 (1).gif
fly-machine-1,Fly machine 1,strength,chest,high,yes,Strength / Chest (PECTORAL (1)),Crucifixo máquina (1).gif,,C:\Users\ADMIN\Desktop\gif exercises\BIBLIOTECA DE EJERCICIOS\5° GIFs DE MUSCULACIÓN\PECTORAL (1)\Crucifixo máquina (1).gif
fly-grip-pronated-1,Fly grip pronated 1,strength,chest,high,no,Strength / Chest (PECTORAL (1)),Crucifixo pegada pronada (1).gif,,C:\Users\ADMIN\Desktop\gif exercises\BIBLIOTECA DE EJERCICIOS\5° GIFs DE MUSCULACIÓN\PECTORAL (1)\Crucifixo pegada pronada (1).gif
fly-pulley-low-1,Fly pulley low 1,strength,chest,high,no,Strength / Chest (PECTORAL (1)),CRUCIFIXO POLIA BAIXA (1).gif,,C:\Users\ADMIN\Desktop\gif exercises\BIBLIOTECA DE EJERCICIOS\5° GIFs DE MUSCULACIÓN\PECTORAL (1)\CRUCIFIXO POLIA BAIXA (1).gif
fly-unilateral-decline-1,Fly unilateral decline 1,strength,chest,high,no,Strength / Chest (PECTORAL (1)),Crucifixo unilateral declinado (1).gif,,C:\Users\ADMIN\Desktop\gif exercises\BIBLIOTECA DE EJERCICIOS\5° GIFs DE MUSCULACIÓN\PECTORAL (1)\Crucifixo unilateral declinado (1).gif
decline-smith-machine-1,Decline smith machine 1,strength,chest,high,no,Strength / Chest (PECTORAL (1)),Declinado smith (1).gif,,C:\Users\ADMIN\Desktop\gif exercises\BIBLIOTECA DE EJERCICIOS\5° GIFs DE MUSCULACIÓN\PECTORAL (1)\Declinado smith (1).gif
decline-cable-fly-1,Decline cable fly 1,strength,chest,high,no,Strength / Chest (PECTORAL (1)),decline-cable-fly (1).gif,,C:\Users\ADMIN\Desktop\gif exercises\BIBLIOTECA DE EJERCICIOS\5° GIFs DE MUSCULACIÓN\PECTORAL (1)\decline-cable-fly (1).gif
decline-push-up-1,Decline push up 1,strength,chest,high,no,Strength / Chest (PECTORAL (1)),decline-push-up (1).gif,,C:\Users\ADMIN\Desktop\gif exercises\BIBLIOTECA DE EJERCICIOS\5° GIFs DE MUSCULACIÓN\PECTORAL (1)\decline-push-up (1).gif
deficit-push-ups-1,Deficit push ups 1,strength,chest,high,no,Strength / Chest (PECTORAL (1)),deficit-push-ups (1).gif,,C:\Users\ADMIN\Desktop\gif exercises\BIBLIOTECA DE EJERCICIOS\5° GIFs DE MUSCULACIÓN\PECTORAL (1)\deficit-push-ups (1).gif
dumbbell-chest-press-1,Dumbbell chest press 1,strength,chest,high,no,Strength / Chest (PECTORAL (1)),dumbbell-chest-press (1).gif,,C:\Users\ADMIN\Desktop\gif exercises\BIBLIOTECA DE EJERCICIOS\5° GIFs DE MUSCULACIÓN\PECTORAL (1)\dumbbell-chest-press (1).gif
dumbbell-floor-press-1,Dumbbell floor press 1,strength,chest,high,no,Strength / Chest (PECTORAL (1)),dumbbell-floor-press (1).gif,,C:\Users\ADMIN\Desktop\gif exercises\BIBLIOTECA DE EJERCICIOS\5° GIFs DE MUSCULACIÓN\PECTORAL (1)\dumbbell-floor-press (1).gif
dumbbell-one-arm-chest-press-1,Dumbbell one arm chest press 1,strength,chest,high,no,Strength / Chest (PECTORAL (1)),dumbbell-one-arm-chest-press (1).gif,,C:\Users\ADMIN\Desktop\gif exercises\BIBLIOTECA DE EJERCICIOS\5° GIFs DE MUSCULACIÓN\PECTORAL (1)\dumbbell-one-arm-chest-press (1).gif
dumbbell-pullover-1,Dumbbell pullover 1,strength,chest,high,no,Strength / Chest (PECTORAL (1)),dumbbell-pullover (1).gif,,C:\Users\ADMIN\Desktop\gif exercises\BIBLIOTECA DE EJERCICIOS\5° GIFs DE MUSCULACIÓN\PECTORAL (1)\dumbbell-pullover (1).gif
front-raise-diagonal-1,Front raise diagonal 1,strength,chest,high,no,Strength / Chest (PECTORAL (1)),Elevação frontal diagonal (1).gif,,C:\Users\ADMIN\Desktop\gif exercises\BIBLIOTECA DE EJERCICIOS\5° GIFs DE MUSCULACIÓN\PECTORAL (1)\Elevação frontal diagonal (1).gif
flexion-wide-lateral-1,Flexion wide lateral 1,strength,chest,high,no,Strength / Chest (PECTORAL (1)),Flexão aberta lateral (1).gif,,C:\Users\ADMIN\Desktop\gif exercises\BIBLIOTECA DE EJERCICIOS\5° GIFs DE MUSCULACIÓN\PECTORAL (1)\Flexão aberta lateral (1).gif
flexion-support-high-1,Flexion support high 1,strength,chest,high,no,Strength / Chest (PECTORAL (1)),Flexão apoio alto (1).gif,,C:\Users\ADMIN\Desktop\gif exercises\BIBLIOTECA DE EJERCICIOS\5° GIFs DE MUSCULACIÓN\PECTORAL (1)\Flexão apoio alto (1).gif
flexion-support-high-bench-1,Flexion support high bench 1,strength,chest,high,no,Strength / Chest (PECTORAL (1)),Flexão apoio alto banco (1).gif,,C:\Users\ADMIN\Desktop\gif exercises\BIBLIOTECA DE EJERCICIOS\5° GIFs DE MUSCULACIÓN\PECTORAL (1)\Flexão apoio alto banco (1).gif
flexion-assisted-1,Flexion assisted 1,strength,chest,high,no,Strength / Chest (PECTORAL (1)),Flexão assistida (1).gif,,C:\Users\ADMIN\Desktop\gif exercises\BIBLIOTECA DE EJERCICIOS\5° GIFs DE MUSCULACIÓN\PECTORAL (1)\Flexão assistida (1).gif
flexion-with-support-of-the-knees-1,Flexion with support of the knees 1,strength,chest,high,no,Strength / Chest (PECTORAL (1)),Flexão com apoio dos joelhos (1).gif,,C:\Users\ADMIN\Desktop\gif exercises\BIBLIOTECA DE EJERCICIOS\5° GIFs DE MUSCULACIÓN\PECTORAL (1)\Flexão com apoio dos joelhos (1).gif
high-cable-fly-1,High cable fly 1,strength,chest,high,no,Strength / Chest (PECTORAL (1)),high-cable-fly (1).gif,,C:\Users\ADMIN\Desktop\gif exercises\BIBLIOTECA DE EJERCICIOS\5° GIFs DE MUSCULACIÓN\PECTORAL (1)\high-cable-fly (1).gif
incline-on-smith-machine-1,Incline on smith machine 1,strength,chest,high,no,Strength / Chest (PECTORAL (1)),INCLINADO NO SMITH (1).gif,,C:\Users\ADMIN\Desktop\gif exercises\BIBLIOTECA DE EJERCICIOS\5° GIFs DE MUSCULACIÓN\PECTORAL (1)\INCLINADO NO SMITH (1).gif
incline-barbell-bench-press-1,Incline barbell bench press 1,strength,chest,high,no,Strength / Chest (PECTORAL (1)),incline-barbell-bench-press (1).gif,,C:\Users\ADMIN\Desktop\gif exercises\BIBLIOTECA DE EJERCICIOS\5° GIFs DE MUSCULACIÓN\PECTORAL (1)\incline-barbell-bench-press (1).gif
knee-push-ups-1,Knee push ups 1,strength,chest,high,no,Strength / Chest (PECTORAL (1)),knee-push-ups (1).gif,,C:\Users\ADMIN\Desktop\gif exercises\BIBLIOTECA DE EJERCICIOS\5° GIFs DE MUSCULACIÓN\PECTORAL (1)\knee-push-ups (1).gif
low-cable-chest-flys-1,Low cable chest flys 1,strength,chest,high,no,Strength / Chest (PECTORAL (1)),low-cable-chest-flys (1).gif,,C:\Users\ADMIN\Desktop\gif exercises\BIBLIOTECA DE EJERCICIOS\5° GIFs DE MUSCULACIÓN\PECTORAL (1)\low-cable-chest-flys (1).gif
parallel-bars-1,Parallel bars 1,strength,chest,high,no,Strength / Chest (PECTORAL (1)),Paralelas (1).gif,,C:\Users\ADMIN\Desktop\gif exercises\BIBLIOTECA DE EJERCICIOS\5° GIFs DE MUSCULACIÓN\PECTORAL (1)\Paralelas (1).gif
parallel-bars-gravitron-1,Parallel bars gravitron 1,strength,chest,high,no,Strength / Chest (PECTORAL (1)),Paralelas graviton (1).gif,,C:\Users\ADMIN\Desktop\gif exercises\BIBLIOTECA DE EJERCICIOS\5° GIFs DE MUSCULACIÓN\PECTORAL (1)\Paralelas graviton (1).gif
pec-deck-1,Pec deck 1,strength,chest,high,no,Strength / Chest (PECTORAL (1)),Peck deck (1).gif,,C:\Users\ADMIN\Desktop\gif exercises\BIBLIOTECA DE EJERCICIOS\5° GIFs DE MUSCULACIÓN\PECTORAL (1)\Peck deck (1).gif
pike-push-up-1,Pike push up 1,strength,chest,high,no,Strength / Chest (PECTORAL (1)),pike-push-up (1).gif,,C:\Users\ADMIN\Desktop\gif exercises\BIBLIOTECA DE EJERCICIOS\5° GIFs DE MUSCULACIÓN\PECTORAL (1)\pike-push-up (1).gif
plyometric-push-ups-1,Plyometric push ups 1,strength,chest,high,no,Strength / Chest (PECTORAL (1)),plyometric-push-ups (1).gif,,C:\Users\ADMIN\Desktop\gif exercises\BIBLIOTECA DE EJERCICIOS\5° GIFs DE MUSCULACIÓN\PECTORAL (1)\plyometric-push-ups (1).gif
press-high-incline-1,Press high incline 1,strength,chest,high,no,Strength / Chest (PECTORAL (1)),Press alto inclinado (1).gif,,C:\Users\ADMIN\Desktop\gif exercises\BIBLIOTECA DE EJERCICIOS\5° GIFs DE MUSCULACIÓN\PECTORAL (1)\Press alto inclinado (1).gif
press-chest-1,Press chest 1,strength,chest,high,no,Strength / Chest (PECTORAL (1)),Press peitoral (1).gif,,C:\Users\ADMIN\Desktop\gif exercises\BIBLIOTECA DE EJERCICIOS\5° GIFs DE MUSCULACIÓN\PECTORAL (1)\Press peitoral (1).gif
press-chest-3-1,Press chest 3 1,strength,chest,high,no,Strength / Chest (PECTORAL (1)),Press peitoral 3 (1).gif,,C:\Users\ADMIN\Desktop\gif exercises\BIBLIOTECA DE EJERCICIOS\5° GIFs DE MUSCULACIÓN\PECTORAL (1)\Press peitoral 3 (1).gif
press-chest-cable-1,Press chest cable 1,strength,chest,high,no,Strength / Chest (PECTORAL (1)),Press peitoral cabo (1).gif,,C:\Users\ADMIN\Desktop\gif exercises\BIBLIOTECA DE EJERCICIOS\5° GIFs DE MUSCULACIÓN\PECTORAL (1)\Press peitoral cabo (1).gif
pullover-support-lat-1,Pullover support lat 1,strength,chest,high,no,Strength / Chest (PECTORAL (1)),Pullover apoio dorsal (1).gif,,C:\Users\ADMIN\Desktop\gif exercises\BIBLIOTECA DE EJERCICIOS\5° GIFs DE MUSCULACIÓN\PECTORAL (1)\Pullover apoio dorsal (1).gif
pullover-with-instability-1,Pullover with instability 1,strength,chest,high,no,Strength / Chest (PECTORAL (1)),Pullover com instabilidade (1).gif,,C:\Users\ADMIN\Desktop\gif exercises\BIBLIOTECA DE EJERCICIOS\5° GIFs DE MUSCULACIÓN\PECTORAL (1)\Pullover com instabilidade (1).gif
pullover-machine-1,Pullover machine 1,strength,chest,high,no,Strength / Chest (PECTORAL (1)),Pullover máquina (1).gif,,C:\Users\ADMIN\Desktop\gif exercises\BIBLIOTECA DE EJERCICIOS\5° GIFs DE MUSCULACIÓN\PECTORAL (1)\Pullover máquina (1).gif
push-up-bars-1,Push up bars 1,strength,chest,high,no,Strength / Chest (PECTORAL (1)),push-up-bars (1).gif,,C:\Users\ADMIN\Desktop\gif exercises\BIBLIOTECA DE EJERCICIOS\5° GIFs DE MUSCULACIÓN\PECTORAL (1)\push-up-bars (1).gif
bench-press-1,Bench press 1,strength,chest,high,no,Strength / Chest (PECTORAL (1)),Supino (1).gif,,C:\Users\ADMIN\Desktop\gif exercises\BIBLIOTECA DE EJERCICIOS\5° GIFs DE MUSCULACIÓN\PECTORAL (1)\Supino (1).gif
bench-press-alternating-with-dumbbells-1,Bench press alternating with dumbbells 1,strength,chest,high,no,Strength / Chest (PECTORAL (1)),SUPINO ALTERNADO COM HALTERES (1).gif,,C:\Users\ADMIN\Desktop\gif exercises\BIBLIOTECA DE EJERCICIOS\5° GIFs DE MUSCULACIÓN\PECTORAL (1)\SUPINO ALTERNADO COM HALTERES (1).gif
bench-press-bar-1,Bench press bar 1,strength,chest,high,no,Strength / Chest (PECTORAL (1)),Supino barra (1).gif,,C:\Users\ADMIN\Desktop\gif exercises\BIBLIOTECA DE EJERCICIOS\5° GIFs DE MUSCULACIÓN\PECTORAL (1)\Supino barra (1).gif
bench-press-canadian-1,Bench press canadian 1,strength,chest,high,no,Strength / Chest (PECTORAL (1)),Supino canadense (1).gif,,C:\Users\ADMIN\Desktop\gif exercises\BIBLIOTECA DE EJERCICIOS\5° GIFs DE MUSCULACIÓN\PECTORAL (1)\Supino canadense (1).gif
bench-press-with-dumbbells-1,Bench press with dumbbells 1,strength,chest,high,no,Strength / Chest (PECTORAL (1)),Supino com halteres (1).gif,,C:\Users\ADMIN\Desktop\gif exercises\BIBLIOTECA DE EJERCICIOS\5° GIFs DE MUSCULACIÓN\PECTORAL (1)\Supino com halteres (1).gif
bench-press-closed-with-dumbbells-1,Bench press closed with dumbbells 1,strength,chest,high,no,Strength / Chest (PECTORAL (1)),Supino fechado com halteres (1).gif,,C:\Users\ADMIN\Desktop\gif exercises\BIBLIOTECA DE EJERCICIOS\5° GIFs DE MUSCULACIÓN\PECTORAL (1)\Supino fechado com halteres (1).gif
bench-press-incline-with-dumbbells-1,Bench press incline with dumbbells 1,strength,chest,high,no,Strength / Chest (PECTORAL (1)),Supino incliando com halteres (1).gif,,C:\Users\ADMIN\Desktop\gif exercises\BIBLIOTECA DE EJERCICIOS\5° GIFs DE MUSCULACIÓN\PECTORAL (1)\Supino incliando com halteres (1).gif
incline-bench-press-1,Incline bench press 1,strength,chest,high,no,Strength / Chest (PECTORAL (1)),Supino inclinado (1).gif,,C:\Users\ADMIN\Desktop\gif exercises\BIBLIOTECA DE EJERCICIOS\5° GIFs DE MUSCULACIÓN\PECTORAL (1)\Supino inclinado (1).gif
incline-bench-press-cable-1,Incline bench press cable 1,strength,chest,high,no,Strength / Chest (PECTORAL (1)),Supino inclinado cabo (1).gif,,C:\Users\ADMIN\Desktop\gif exercises\BIBLIOTECA DE EJERCICIOS\5° GIFs DE MUSCULACIÓN\PECTORAL (1)\Supino inclinado cabo (1).gif
bench-press-machine-1,Bench press machine 1,strength,chest,high,no,Strength / Chest (PECTORAL (1)),Supino máquina (1).gif,,C:\Users\ADMIN\Desktop\gif exercises\BIBLIOTECA DE EJERCICIOS\5° GIFs DE MUSCULACIÓN\PECTORAL (1)\Supino máquina (1).gif
bench-press-smith-machine-1,Bench press smith machine 1,strength,chest,high,no,Strength / Chest (PECTORAL (1)),Supino smith (1).gif,,C:\Users\ADMIN\Desktop\gif exercises\BIBLIOTECA DE EJERCICIOS\5° GIFs DE MUSCULACIÓN\PECTORAL (1)\Supino smith (1).gif
weighted-dips-1,Weighted dips 1,strength,chest,high,no,Strength / Chest (PECTORAL (1)),weighted-dips (1).gif,,C:\Users\ADMIN\Desktop\gif exercises\BIBLIOTECA DE EJERCICIOS\5° GIFs DE MUSCULACIÓN\PECTORAL (1)\weighted-dips (1).gif
lunge-on-bench,Lunge on bench,calisthenics,,high,no,Calisthenics,Afundo no banco.gif,,C:\Users\ADMIN\Desktop\gif exercises\BIBLIOTECA DE EJERCICIOS\6° GIFs DE CALISTENIA\Afundo no banco.gif
lunge-deep,Lunge deep,calisthenics,,high,no,Calisthenics,Afundo Profundo.gif,,C:\Users\ADMIN\Desktop\gif exercises\BIBLIOTECA DE EJERCICIOS\6° GIFs DE CALISTENIA\Afundo Profundo.gif
lunge,Lunge,calisthenics,,high,no,Calisthenics,Afundo.gif,,C:\Users\ADMIN\Desktop\gif exercises\BIBLIOTECA DE EJERCICIOS\6° GIFs DE CALISTENIA\Afundo.gif
squat-bulgarian-with-bodyweight,Squat bulgarian with bodyweight,calisthenics,,high,no,Calisthenics,Agachamento Búlgaro com Peso Corporal.gif,,C:\Users\ADMIN\Desktop\gif exercises\BIBLIOTECA DE EJERCICIOS\6° GIFs DE CALISTENIA\Agachamento Búlgaro com Peso Corporal.gif
squat-bulgarian-with-jump,Squat bulgarian with jump,calisthenics,,high,no,Calisthenics,Agachamento búlgaro com salto.gif,,C:\Users\ADMIN\Desktop\gif exercises\BIBLIOTECA DE EJERCICIOS\6° GIFs DE CALISTENIA\Agachamento búlgaro com salto.gif
squat-shrimp,Squat shrimp,calisthenics,,high,no,Calisthenics,Agachamento Camarão.gif,,C:\Users\ADMIN\Desktop\gif exercises\BIBLIOTECA DE EJERCICIOS\6° GIFs DE CALISTENIA\Agachamento Camarão.gif
squat-with-raised-knee,Squat with raised knee,calisthenics,,high,no,Calisthenics,Agachamento com Joelho Elevado.gif,,C:\Users\ADMIN\Desktop\gif exercises\BIBLIOTECA DE EJERCICIOS\6° GIFs DE CALISTENIA\Agachamento com Joelho Elevado.gif
squat-with-jump,Squat with jump,calisthenics,,high,no,Calisthenics,Agachamento com Salto.gif,,C:\Users\ADMIN\Desktop\gif exercises\BIBLIOTECA DE EJERCICIOS\6° GIFs DE CALISTENIA\Agachamento com Salto.gif
squat-with-hold-and-raise-of-calves,Squat with hold and raise of calves,calisthenics,,high,no,Calisthenics,Agachamento com Sustentação e Elevação de Panturrilhas.gif,,C:\Users\ADMIN\Desktop\gif exercises\BIBLIOTECA DE EJERCICIOS\6° GIFs DE CALISTENIA\Agachamento com Sustentação e Elevação de Panturrilhas.gif
squat-hawaiian,Squat hawaiian,calisthenics,,high,no,Calisthenics,Agachamento havaiano.gif,,C:\Users\ADMIN\Desktop\gif exercises\BIBLIOTECA DE EJERCICIOS\6° GIFs DE CALISTENIA\Agachamento havaiano.gif
squat-on-bench-with-bodyweight,Squat on bench with bodyweight,calisthenics,,high,no,Calisthenics,Agachamento no Banco com Peso Corporal.gif,,C:\Users\ADMIN\Desktop\gif exercises\BIBLIOTECA DE EJERCICIOS\6° GIFs DE CALISTENIA\Agachamento no Banco com Peso Corporal.gif
squat-pistol-with-trx,Squat pistol with trx,calisthenics,,high,no,Calisthenics,Agachamento Pistol com TRX.gif,,C:\Users\ADMIN\Desktop\gif exercises\BIBLIOTECA DE EJERCICIOS\6° GIFs DE CALISTENIA\Agachamento Pistol com TRX.gif
squat-pistola-supported,Squat pistola supported,calisthenics,,high,no,Calisthenics,Agachamento Pistola Apoiado.gif,,C:\Users\ADMIN\Desktop\gif exercises\BIBLIOTECA DE EJERCICIOS\6° GIFs DE CALISTENIA\Agachamento Pistola Apoiado.gif
squat-pistola-with-kettlebell,Squat pistola with kettlebell,calisthenics,,high,no,Calisthenics,Agachamento Pistola com Kettlebell.gif,,C:\Users\ADMIN\Desktop\gif exercises\BIBLIOTECA DE EJERCICIOS\6° GIFs DE CALISTENIA\Agachamento Pistola com Kettlebell.gif
squat-pistola-on-box,Squat pistola on box,calisthenics,,high,no,Calisthenics,Agachamento Pistola na Caixa.gif,,C:\Users\ADMIN\Desktop\gif exercises\BIBLIOTECA DE EJERCICIOS\6° GIFs DE CALISTENIA\Agachamento Pistola na Caixa.gif
squat-pistola,Squat pistola,calisthenics,,high,no,Calisthenics,Agachamento pistola.gif,,C:\Users\ADMIN\Desktop\gif exercises\BIBLIOTECA DE EJERCICIOS\6° GIFs DE CALISTENIA\Agachamento pistola.gif
squat-sissy-kneeling-with-bodyweight,Squat sissy kneeling with bodyweight,calisthenics,,high,no,Calisthenics,Agachamento Sissy ajoelhado com Peso Corporal.gif,,C:\Users\ADMIN\Desktop\gif exercises\BIBLIOTECA DE EJERCICIOS\6° GIFs DE CALISTENIA\Agachamento Sissy ajoelhado com Peso Corporal.gif
squat-skater,Squat skater,calisthenics,,high,no,Calisthenics,Agachamento Skater.gif,,C:\Users\ADMIN\Desktop\gif exercises\BIBLIOTECA DE EJERCICIOS\6° GIFs DE CALISTENIA\Agachamento Skater.gif
squat-sumo-unweighted,Squat sumo unweighted,calisthenics,,high,no,Calisthenics,Agachamento Sumô sem Pesos.gif,,C:\Users\ADMIN\Desktop\gif exercises\BIBLIOTECA DE EJERCICIOS\6° GIFs DE CALISTENIA\Agachamento Sumô sem Pesos.gif
squat,Squat,calisthenics,,high,no,Calisthenics,Agachamento.gif,,C:\Users\ADMIN\Desktop\gif exercises\BIBLIOTECA DE EJERCICIOS\6° GIFs DE CALISTENIA\Agachamento.gif
stretch-of-the-chest-reverse,Stretch of the chest reverse,calisthenics,,high,no,Calisthenics,Alongamento do peitoral reverso.gif,,C:\Users\ADMIN\Desktop\gif exercises\BIBLIOTECA DE EJERCICIOS\6° GIFs DE CALISTENIA\Alongamento do peitoral reverso.gif
walk-of-duck,Walk of duck,calisthenics,,high,no,Calisthenics,Andar de Pato.gif,,C:\Users\ADMIN\Desktop\gif exercises\BIBLIOTECA DE EJERCICIOS\6° GIFs DE CALISTENIA\Andar de Pato.gif
lunge-without-bodyweight,Lunge without bodyweight,calisthenics,,high,no,Calisthenics,Avanço sem Peso Corporal.gif,,C:\Users\ADMIN\Desktop\gif exercises\BIBLIOTECA DE EJERCICIOS\6° GIFs DE CALISTENIA\Avanço sem Peso Corporal.gif
back-lever,Back lever,calisthenics,,high,no,Calisthenics,Back Lever.gif,,C:\Users\ADMIN\Desktop\gif exercises\BIBLIOTECA DE EJERCICIOS\6° GIFs DE CALISTENIA\Back Lever.gif
flag-human,Flag human,calisthenics,,high,no,Calisthenics,Bandeira Humana.gif,,C:\Users\ADMIN\Desktop\gif exercises\BIBLIOTECA DE EJERCICIOS\6° GIFs DE CALISTENIA\Bandeira Humana.gif
bar-pull-up-assisted-with-resistance-band,Bar pull-up assisted with resistance band,calisthenics,,high,no,Calisthenics,Barra fixa Assistida com Faixa Elástica.gif,,C:\Users\ADMIN\Desktop\gif exercises\BIBLIOTECA DE EJERCICIOS\6° GIFs DE CALISTENIA\Barra fixa Assistida com Faixa Elástica.gif
bar-pull-up-with-arch,Bar pull-up with arch,calisthenics,,high,no,Calisthenics,Barra fixa com Arco.gif,,C:\Users\ADMIN\Desktop\gif exercises\BIBLIOTECA DE EJERCICIOS\6° GIFs DE CALISTENIA\Barra fixa com Arco.gif
bar-pull-up-with-alternating-arms,Bar pull-up with alternating arms,calisthenics,,high,no,Calisthenics,Barra fixa com braços alternados.gif,,C:\Users\ADMIN\Desktop\gif exercises\BIBLIOTECA DE EJERCICIOS\6° GIFs DE CALISTENIA\Barra fixa com braços alternados.gif
bar-pull-up-with-rotation,Bar pull-up with rotation,calisthenics,,high,no,Calisthenics,Barra Fixa com Giro.gif,,C:\Users\ADMIN\Desktop\gif exercises\BIBLIOTECA DE EJERCICIOS\6° GIFs DE CALISTENIA\Barra Fixa com Giro.gif
bar-pull-up-with-l-sit,Bar pull-up with l-sit,calisthenics,,high,no,Calisthenics,Barra fixa com L-sit.gif,,C:\Users\ADMIN\Desktop\gif exercises\BIBLIOTECA DE EJERCICIOS\6° GIFs DE CALISTENIA\Barra fixa com L-sit.gif
bar-pull-up-with-close-grip,Bar pull-up with close grip,calisthenics,,high,no,Calisthenics,Barra Fixa com Pegada Fechada.gif,,C:\Users\ADMIN\Desktop\gif exercises\BIBLIOTECA DE EJERCICIOS\6° GIFs DE CALISTENIA\Barra Fixa com Pegada Fechada.gif
bar-pull-up-with-reverse-grip-assisted,Bar pull-up with reverse grip assisted,calisthenics,,high,no,Calisthenics,Barra fixa com pegada invertida assistido.gif,,C:\Users\ADMIN\Desktop\gif exercises\BIBLIOTECA DE EJERCICIOS\6° GIFs DE CALISTENIA\Barra fixa com pegada invertida assistido.gif
bar-pull-up-with-neutral-grip,Bar pull-up with neutral grip,calisthenics,,high,no,Calisthenics,Barra fixa com pegada neutra.gif,,C:\Users\ADMIN\Desktop\gif exercises\BIBLIOTECA DE EJERCICIOS\6° GIFs DE CALISTENIA\Barra fixa com pegada neutra.gif
bar-pull-up-with-grip-behind-the-neck,Bar pull-up with grip behind the neck,calisthenics,,high,no,Calisthenics,Barra Fixa com Pegada por Trás do Pescoço.gif,,C:\Users\ADMIN\Desktop\gif exercises\BIBLIOTECA DE EJERCICIOS\6° GIFs DE CALISTENIA\Barra Fixa com Pegada por Trás do Pescoço.gif
bar-pull-up-with-supinated-grip,Bar pull-up with supinated grip,calisthenics,,high,no,Calisthenics,Barra Fixa com Pegada Supinada.gif,,C:\Users\ADMIN\Desktop\gif exercises\BIBLIOTECA DE EJERCICIOS\6° GIFs DE CALISTENIA\Barra Fixa com Pegada Supinada.gif
bar-pull-up-weighted,Bar pull-up weighted,calisthenics,,high,no,Calisthenics,Barra fixa com peso.gif,,C:\Users\ADMIN\Desktop\gif exercises\BIBLIOTECA DE EJERCICIOS\6° GIFs DE CALISTENIA\Barra fixa com peso.gif
bar-pull-up-with-jump,Bar pull-up with jump,calisthenics,,high,no,Calisthenics,Barra fixa com Salto.gif,,C:\Users\ADMIN\Desktop\gif exercises\BIBLIOTECA DE EJERCICIOS\6° GIFs DE CALISTENIA\Barra fixa com Salto.gif
bar-pull-up-of-head-down,Bar pull-up of head down,calisthenics,,high,no,Calisthenics,Barra Fixa de Cabeça para Baixo.gif,,C:\Users\ADMIN\Desktop\gif exercises\BIBLIOTECA DE EJERCICIOS\6° GIFs DE CALISTENIA\Barra Fixa de Cabeça para Baixo.gif
bar-pull-up-for-brachialis,Bar pull-up for brachialis,calisthenics,,high,no,Calisthenics,Barra Fixa para o Braquial.gif,,C:\Users\ADMIN\Desktop\gif exercises\BIBLIOTECA DE EJERCICIOS\6° GIFs DE CALISTENIA\Barra Fixa para o Braquial.gif
bar-pull-up-reverse-grip,Bar pull-up reverse grip,calisthenics,,high,no,Calisthenics,Barra fixa pegada invertida.gif,,C:\Users\ADMIN\Desktop\gif exercises\BIBLIOTECA DE EJERCICIOS\6° GIFs DE CALISTENIA\Barra fixa pegada invertida.gif
walking-on-handstand-of-hand,Walking on handstand of hand,calisthenics,,high,no,Calisthenics,Caminhada na Parada de Mão.gif,,C:\Users\ADMIN\Desktop\gif exercises\BIBLIOTECA DE EJERCICIOS\6° GIFs DE CALISTENIA\Caminhada na Parada de Mão.gif
fly-with-trx,Fly with trx,calisthenics,,high,no,Calisthenics,Crucifixo com TRX.gif,,C:\Users\ADMIN\Desktop\gif exercises\BIBLIOTECA DE EJERCICIOS\6° GIFs DE CALISTENIA\Crucifixo com TRX.gif
dips-on-chair,Dips on chair,calisthenics,,high,no,Calisthenics,Dips na cadeira.gif,,C:\Users\ADMIN\Desktop\gif exercises\BIBLIOTECA DE EJERCICIOS\6° GIFs DE CALISTENIA\Dips na cadeira.gif
raise-of-standing-calf-raise,Raise of standing calf raise,calisthenics,,high,no,Calisthenics,Elevação de panturrilha em pé.gif,,C:\Users\ADMIN\Desktop\gif exercises\BIBLIOTECA DE EJERCICIOS\6° GIFs DE CALISTENIA\Elevação de panturrilha em pé.gif
raise-of-calf-in-one-leg,Raise of calf in one leg,calisthenics,,high,no,Calisthenics,Elevação de Panturrilha em Uma Perna.gif,,C:\Users\ADMIN\Desktop\gif exercises\BIBLIOTECA DE EJERCICIOS\6° GIFs DE CALISTENIA\Elevação de Panturrilha em Uma Perna.gif
raise-of-hip-with-bodyweight,Raise of hip with bodyweight,calisthenics,,high,no,Calisthenics,Elevação de Quadril com Peso Corporal.gif,,C:\Users\ADMIN\Desktop\gif exercises\BIBLIOTECA DE EJERCICIOS\6° GIFs DE CALISTENIA\Elevação de Quadril com Peso Corporal.gif
lateral-raise-with-towel-against-wall,Lateral raise with towel against wall,calisthenics,,high,no,Calisthenics,Elevação lateral com toalha na parede.gif,,C:\Users\ADMIN\Desktop\gif exercises\BIBLIOTECA DE EJERCICIOS\6° GIFs DE CALISTENIA\Elevação lateral com toalha na parede.gif
raise-pelvic-decline,Raise pelvic decline,calisthenics,,high,no,Calisthenics,Elevação Pélvica Declinado.gif,,C:\Users\ADMIN\Desktop\gif exercises\BIBLIOTECA DE EJERCICIOS\6° GIFs DE CALISTENIA\Elevação Pélvica Declinado.gif
raises-of-shoulders-on-parallel-bar,Raises of shoulders on parallel bar,calisthenics,,high,no,Calisthenics,Elevações de ombros na paralela.gif,,C:\Users\ADMIN\Desktop\gif exercises\BIBLIOTECA DE EJERCICIOS\6° GIFs DE CALISTENIA\Elevações de ombros na paralela.gif
extension-of-triceps,Extension of triceps,calisthenics,,high,no,Calisthenics,Extensão de tríceps.gif,,C:\Users\ADMIN\Desktop\gif exercises\BIBLIOTECA DE EJERCICIOS\6° GIFs DE CALISTENIA\Extensão de tríceps.gif
flexion-with-bars-of-support,Flexion with bars of support,calisthenics,,high,no,Calisthenics,Flexão com barras de apoio.gif,,C:\Users\ADMIN\Desktop\gif exercises\BIBLIOTECA DE EJERCICIOS\6° GIFs DE CALISTENIA\Flexão com barras de apoio.gif
flexion-with-crossover-of-the-arms,Flexion with crossover of the arms,calisthenics,,high,no,Calisthenics,Flexão com Cruzamento dos Braços.gif,,C:\Users\ADMIN\Desktop\gif exercises\BIBLIOTECA DE EJERCICIOS\6° GIFs DE CALISTENIA\Flexão com Cruzamento dos Braços.gif
flexion-with-kettlebell-deep,Flexion with kettlebell deep,calisthenics,,high,no,Calisthenics,Flexão com kettlebell profunda.gif,,C:\Users\ADMIN\Desktop\gif exercises\BIBLIOTECA DE EJERCICIOS\6° GIFs DE CALISTENIA\Flexão com kettlebell profunda.gif
flexion-with-handstand-of-hands,Flexion with handstand of hands,calisthenics,,high,no,Calisthenics,Flexão com parada de mãos.gif,,C:\Users\ADMIN\Desktop\gif exercises\BIBLIOTECA DE EJERCICIOS\6° GIFs DE CALISTENIA\Flexão com parada de mãos.gif
flexion-weighted,Flexion weighted,calisthenics,,high,no,Calisthenics,Flexão com peso.gif,,C:\Users\ADMIN\Desktop\gif exercises\BIBLIOTECA DE EJERCICIOS\6° GIFs DE CALISTENIA\Flexão com peso.gif
flexion-with-touch-on-chest,Flexion with touch on chest,calisthenics,,high,no,Calisthenics,Flexão com Toque no Peito.gif,,C:\Users\ADMIN\Desktop\gif exercises\BIBLIOTECA DE EJERCICIOS\6° GIFs DE CALISTENIA\Flexão com Toque no Peito.gif
flexion-with-touch-on-toes-of-the-feet,Flexion with touch on toes of the feet,calisthenics,,high,no,Calisthenics,Flexão com Toque nos Dedos dos Pés.gif,,C:\Users\ADMIN\Desktop\gif exercises\BIBLIOTECA DE EJERCICIOS\6° GIFs DE CALISTENIA\Flexão com Toque nos Dedos dos Pés.gif
flexion-with-one-arm,Flexion with one arm,calisthenics,,high,no,Calisthenics,Flexão com um braço.gif,,C:\Users\ADMIN\Desktop\gif exercises\BIBLIOTECA DE EJERCICIOS\6° GIFs DE CALISTENIA\Flexão com um braço.gif
push-up-with-adduction-of-the-scapula,Push-up with adduction of the scapula,calisthenics,,high,no,Calisthenics,Flexão de braço com adução da escapula.gif,,C:\Users\ADMIN\Desktop\gif exercises\BIBLIOTECA DE EJERCICIOS\6° GIFs DE CALISTENIA\Flexão de braço com adução da escapula.gif
push-up-with-arching,Push-up with arching,calisthenics,,high,no,Calisthenics,Flexão de Braço com Arqueamento.gif,,C:\Users\ADMIN\Desktop\gif exercises\BIBLIOTECA DE EJERCICIOS\6° GIFs DE CALISTENIA\Flexão de Braço com Arqueamento.gif
push-up-with-ball-of-stability,Push-up with ball of stability,calisthenics,,high,no,Calisthenics,Flexão de Braço com Bola de Estabilidade.gif,,C:\Users\ADMIN\Desktop\gif exercises\BIBLIOTECA DE EJERCICIOS\6° GIFs DE CALISTENIA\Flexão de Braço com Bola de Estabilidade.gif
push-up-with-ball-medicine-with-support-in-one-arm,Push-up with ball medicine with support in one arm,calisthenics,,high,no,Calisthenics,Flexão de Braço com Bola Medicinal com Apoio em Um Braço.gif,,C:\Users\ADMIN\Desktop\gif exercises\BIBLIOTECA DE EJERCICIOS\6° GIFs DE CALISTENIA\Flexão de Braço com Bola Medicinal com Apoio em Um Braço.gif
push-up-with-clap,Push-up with clap,calisthenics,,high,no,Calisthenics,Flexão de braço com palmas.gif,,C:\Users\ADMIN\Desktop\gif exercises\BIBLIOTECA DE EJERCICIOS\6° GIFs DE CALISTENIA\Flexão de braço com palmas.gif
push-up-with-one-leg,Push-up with one leg,calisthenics,,high,no,Calisthenics,Flexão de Braço com Uma Perna.gif,,C:\Users\ADMIN\Desktop\gif exercises\BIBLIOTECA DE EJERCICIOS\6° GIFs DE CALISTENIA\Flexão de Braço com Uma Perna.gif
push-up-decline-with-ball-of-stability,Push-up decline with ball of stability,calisthenics,,high,no,Calisthenics,Flexão de Braço Declinada com Bola de Estabilidade.gif,,C:\Users\ADMIN\Desktop\gif exercises\BIBLIOTECA DE EJERCICIOS\6° GIFs DE CALISTENIA\Flexão de Braço Declinada com Bola de Estabilidade.gif
push-up-against-wall-with-close-grip,Push-up against wall with close grip,calisthenics,,high,no,Calisthenics,Flexão de Braço na Parede com Pegada Fechada.gif,,C:\Users\ADMIN\Desktop\gif exercises\BIBLIOTECA DE EJERCICIOS\6° GIFs DE CALISTENIA\Flexão de Braço na Parede com Pegada Fechada.gif
flexion-of-arms-with-support-of-the-knees-closed,Flexion of arms with support of the knees closed,calisthenics,,high,no,Calisthenics,Flexão de Braços com Apoio dos Joelhos Fechada.gif,,C:\Users\ADMIN\Desktop\gif exercises\BIBLIOTECA DE EJERCICIOS\6° GIFs DE CALISTENIA\Flexão de Braços com Apoio dos Joelhos Fechada.gif
flexion-of-arms-with-touch-on-shoulder,Flexion of arms with touch on shoulder,calisthenics,,high,no,Calisthenics,Flexão de Braços com Toque no Ombro.gif,,C:\Users\ADMIN\Desktop\gif exercises\BIBLIOTECA DE EJERCICIOS\6° GIFs DE CALISTENIA\Flexão de Braços com Toque no Ombro.gif
flexion-of-elbows-on-bar,Flexion of elbows on bar,calisthenics,,high,no,Calisthenics,Flexão de Cotovelos na Barra.gif,,C:\Users\ADMIN\Desktop\gif exercises\BIBLIOTECA DE EJERCICIOS\6° GIFs DE CALISTENIA\Flexão de Cotovelos na Barra.gif
flexion-of-toes,Flexion of toes,calisthenics,,high,no,Calisthenics,Flexão de Dedos.gif,,C:\Users\ADMIN\Desktop\gif exercises\BIBLIOTECA DE EJERCICIOS\6° GIFs DE CALISTENIA\Flexão de Dedos.gif
flexion-of-diamond-of-knees,Flexion of diamond of knees,calisthenics,,high,no,Calisthenics,Flexão de diamante de joelhos.gif,,C:\Users\ADMIN\Desktop\gif exercises\BIBLIOTECA DE EJERCICIOS\6° GIFs DE CALISTENIA\Flexão de diamante de joelhos.gif
flexion-of-knees,Flexion of knees,calisthenics,,high,no,Calisthenics,Flexão de joelhos.gif,,C:\Users\ADMIN\Desktop\gif exercises\BIBLIOTECA DE EJERCICIOS\6° GIFs DE CALISTENIA\Flexão de joelhos.gif
flexion-of-wall,Flexion of wall,calisthenics,,high,no,Calisthenics,Flexão de Parede.gif,,C:\Users\ADMIN\Desktop\gif exercises\BIBLIOTECA DE EJERCICIOS\6° GIFs DE CALISTENIA\Flexão de Parede.gif
flexion-of-chest-with-trx,Flexion of chest with trx,calisthenics,,high,no,Calisthenics,Flexão de Peito com TRX.gif,,C:\Users\ADMIN\Desktop\gif exercises\BIBLIOTECA DE EJERCICIOS\6° GIFs DE CALISTENIA\Flexão de Peito com TRX.gif
leg-curl-with-dumbbells-in-lying-lat,Leg curl with dumbbells in lying lat,calisthenics,,high,no,Calisthenics,Flexão de Perna com Halteres em Decúbito Dorsal.gif,,C:\Users\ADMIN\Desktop\gif exercises\BIBLIOTECA DE EJERCICIOS\6° GIFs DE CALISTENIA\Flexão de Perna com Halteres em Decúbito Dorsal.gif
flexion-of-legs-with-towel,Flexion of legs with towel,calisthenics,,high,no,Calisthenics,Flexão de pernas com toalha.gif,,C:\Users\ADMIN\Desktop\gif exercises\BIBLIOTECA DE EJERCICIOS\6° GIFs DE CALISTENIA\Flexão de pernas com toalha.gif
flexion-of-pivot-with-bench,Flexion of pivot with bench,calisthenics,,high,no,Calisthenics,Flexão de pivô com banco.gif,,C:\Users\ADMIN\Desktop\gif exercises\BIBLIOTECA DE EJERCICIOS\6° GIFs DE CALISTENIA\Flexão de pivô com banco.gif
flexion-of-pivot-between-chairs,Flexion of pivot between chairs,calisthenics,,high,no,Calisthenics,Flexão de pivô entre cadeiras.gif,,C:\Users\ADMIN\Desktop\gif exercises\BIBLIOTECA DE EJERCICIOS\6° GIFs DE CALISTENIA\Flexão de pivô entre cadeiras.gif
flexion-of-wrist-closed,Flexion of wrist closed,calisthenics,,high,no,Calisthenics,Flexão de Punho Fechado.gif,,C:\Users\ADMIN\Desktop\gif exercises\BIBLIOTECA DE EJERCICIOS\6° GIFs DE CALISTENIA\Flexão de Punho Fechado.gif
flexion-of-drop,Flexion of drop,calisthenics,,high,no,Calisthenics,Flexão de Queda.gif,,C:\Users\ADMIN\Desktop\gif exercises\BIBLIOTECA DE EJERCICIOS\6° GIFs DE CALISTENIA\Flexão de Queda.gif
flexion-of-one-arm-with-support,Flexion of one arm with support,calisthenics,,high,no,Calisthenics,Flexão de um braço com apoio.gif,,C:\Users\ADMIN\Desktop\gif exercises\BIBLIOTECA DE EJERCICIOS\6° GIFs DE CALISTENIA\Flexão de um braço com apoio.gif
flexion-of-one-arm-with-ball-medicine,Flexion of one arm with ball medicine,calisthenics,,high,no,Calisthenics,Flexão de um braço com bola medicinal.gif,,C:\Users\ADMIN\Desktop\gif exercises\BIBLIOTECA DE EJERCICIOS\6° GIFs DE CALISTENIA\Flexão de um braço com bola medicinal.gif
flexion-diamond,Flexion diamond,calisthenics,,high,no,Calisthenics,Flexão diamante.gif,,C:\Users\ADMIN\Desktop\gif exercises\BIBLIOTECA DE EJERCICIOS\6° GIFs DE CALISTENIA\Flexão diamante.gif
flexion-in-pivot,Flexion in pivot,calisthenics,,high,no,Calisthenics,Flexão em pivô.gif,,C:\Users\ADMIN\Desktop\gif exercises\BIBLIOTECA DE EJERCICIOS\6° GIFs DE CALISTENIA\Flexão em pivô.gif
flexion-closed-with-ball-medicine,Flexion closed with ball medicine,calisthenics,,high,no,Calisthenics,Flexão Fechada com bola medicinal.gif,,C:\Users\ADMIN\Desktop\gif exercises\BIBLIOTECA DE EJERCICIOS\6° GIFs DE CALISTENIA\Flexão Fechada com bola medicinal.gif
flexion-hindu-modified,Flexion hindu modified,calisthenics,,high,no,Calisthenics,Flexão hindu modificada.gif,,C:\Users\ADMIN\Desktop\gif exercises\BIBLIOTECA DE EJERCICIOS\6° GIFs DE CALISTENIA\Flexão hindu modificada.gif
flexion-incline,Flexion incline,calisthenics,,high,no,Calisthenics,Flexão inclinada.gif,,C:\Users\ADMIN\Desktop\gif exercises\BIBLIOTECA DE EJERCICIOS\6° GIFs DE CALISTENIA\Flexão inclinada.gif
flexion-reversed,Flexion reversed,calisthenics,,high,no,Calisthenics,Flexão Invertida.gif,,C:\Users\ADMIN\Desktop\gif exercises\BIBLIOTECA DE EJERCICIOS\6° GIFs DE CALISTENIA\Flexão Invertida.gif
flexion-against-wall,Flexion against wall,calisthenics,,high,no,Calisthenics,Flexão na parede.gif,,C:\Users\ADMIN\Desktop\gif exercises\BIBLIOTECA DE EJERCICIOS\6° GIFs DE CALISTENIA\Flexão na parede.gif
flexion-plus,Flexion plus,calisthenics,,high,no,Calisthenics,Flexão plus.gif,,C:\Users\ADMIN\Desktop\gif exercises\BIBLIOTECA DE EJERCICIOS\6° GIFs DE CALISTENIA\Flexão plus.gif
flexion-reverse-with-elbows,Flexion reverse with elbows,calisthenics,,high,no,Calisthenics,Flexão reversa com cotovelos.gif,,C:\Users\ADMIN\Desktop\gif exercises\BIBLIOTECA DE EJERCICIOS\6° GIFs DE CALISTENIA\Flexão reversa com cotovelos.gif
flexion,Flexion,calisthenics,,high,no,Calisthenics,Flexão.gif,,C:\Users\ADMIN\Desktop\gif exercises\BIBLIOTECA DE EJERCICIOS\6° GIFs DE CALISTENIA\Flexão.gif
flexions-of-support-of-hand-against-wall,Flexions of support of hand against wall,calisthenics,,high,no,Calisthenics,Flexões de apoio de mão na parede.gif,,C:\Users\ADMIN\Desktop\gif exercises\BIBLIOTECA DE EJERCICIOS\6° GIFs DE CALISTENIA\Flexões de apoio de mão na parede.gif
flexions-hindu,Flexions hindu,calisthenics,,high,no,Calisthenics,Flexões hindu.gif,,C:\Users\ADMIN\Desktop\gif exercises\BIBLIOTECA DE EJERCICIOS\6° GIFs DE CALISTENIA\Flexões hindu.gif
impossible-dips,Impossible dips,calisthenics,,needs_review,no,Calisthenics,Impossible Dips.gif,impossible,C:\Users\ADMIN\Desktop\gif exercises\BIBLIOTECA DE EJERCICIOS\6° GIFs DE CALISTENIA\Impossible Dips.gif
raise-of-calf-with-support-and-overload,Raise of calf with support and overload,calisthenics,,high,no,Calisthenics,Levantamento de panturrilha com apoio e sobrecarga.gif,,C:\Users\ADMIN\Desktop\gif exercises\BIBLIOTECA DE EJERCICIOS\6° GIFs DE CALISTENIA\Levantamento de panturrilha com apoio e sobrecarga.gif
deadlift-unilateral,Deadlift unilateral,calisthenics,,high,no,Calisthenics,Levantamento Terra Unilateral.gif,,C:\Users\ADMIN\Desktop\gif exercises\BIBLIOTECA DE EJERCICIOS\6° GIFs DE CALISTENIA\Levantamento Terra Unilateral.gif
dip-korean,Dip korean,calisthenics,,high,no,Calisthenics,Mergulho Coreano.gif,,C:\Users\ADMIN\Desktop\gif exercises\BIBLIOTECA DE EJERCICIOS\6° GIFs DE CALISTENIA\Mergulho Coreano.gif
dip-of-triceps,Dip of triceps,calisthenics,,high,no,Calisthenics,Mergulho de tríceps.gif,,C:\Users\ADMIN\Desktop\gif exercises\BIBLIOTECA DE EJERCICIOS\6° GIFs DE CALISTENIA\Mergulho de tríceps.gif
dips-for-triceps-on-floor,Dips for triceps on floor,calisthenics,,high,no,Calisthenics,Mergulhos para tríceps no chão.gif,,C:\Users\ADMIN\Desktop\gif exercises\BIBLIOTECA DE EJERCICIOS\6° GIFs DE CALISTENIA\Mergulhos para tríceps no chão.gif
muscle-up,Muscle up,calisthenics,,high,no,Calisthenics,Muscle up.gif,,C:\Users\ADMIN\Desktop\gif exercises\BIBLIOTECA DE EJERCICIOS\6° GIFs DE CALISTENIA\Muscle up.gif
parallel-bar,Parallel bar,calisthenics,,high,no,Calisthenics,Paralela.gif,,C:\Users\ADMIN\Desktop\gif exercises\BIBLIOTECA DE EJERCICIOS\6° GIFs DE CALISTENIA\Paralela.gif
parallel-bars-between-chairs,Parallel bars between chairs,calisthenics,,high,no,Calisthenics,Paralelas entre Cadeiras.gif,,C:\Users\ADMIN\Desktop\gif exercises\BIBLIOTECA DE EJERCICIOS\6° GIFs DE CALISTENIA\Paralelas entre Cadeiras.gif
parallel-bars-on-gymnastic-ring,Parallel bars on gymnastic ring,calisthenics,,high,no,Calisthenics,Paralelas na Argola.gif,,C:\Users\ADMIN\Desktop\gif exercises\BIBLIOTECA DE EJERCICIOS\6° GIFs DE CALISTENIA\Paralelas na Argola.gif
parallel-bars-on-bar,Parallel bars on bar,calisthenics,,high,no,Calisthenics,Paralelas na Barra.gif,,C:\Users\ADMIN\Desktop\gif exercises\BIBLIOTECA DE EJERCICIOS\6° GIFs DE CALISTENIA\Paralelas na Barra.gif
planche-with-push-up,Planche with push-up,calisthenics,,high,no,Calisthenics,Planche com Flexão de Braço.gif,,C:\Users\ADMIN\Desktop\gif exercises\BIBLIOTECA DE EJERCICIOS\6° GIFs DE CALISTENIA\Planche com Flexão de Braço.gif
planche,Planche,calisthenics,,high,no,Calisthenics,Planche.gif,,C:\Users\ADMIN\Desktop\gif exercises\BIBLIOTECA DE EJERCICIOS\6° GIFs DE CALISTENIA\Planche.gif
bridge-in-unilateral,Bridge in unilateral,calisthenics,,high,no,Calisthenics,Ponte em Unilateral.gif,,C:\Users\ADMIN\Desktop\gif exercises\BIBLIOTECA DE EJERCICIOS\6° GIFs DE CALISTENIA\Ponte em Unilateral.gif
jump-of-impulse-of-hip-of-one-leg,Jump of impulse of hip of one leg,calisthenics,,high,no,Calisthenics,Pulo de impulso de quadril de uma perna.gif,,C:\Users\ADMIN\Desktop\gif exercises\BIBLIOTECA DE EJERCICIOS\6° GIFs DE CALISTENIA\Pulo de impulso de quadril de uma perna.gif
pulldown-scapular-on-bar-pull-up,Pulldown scapular on bar pull-up,calisthenics,,high,no,Calisthenics,Puxada escapular na barra fixa.gif,,C:\Users\ADMIN\Desktop\gif exercises\BIBLIOTECA DE EJERCICIOS\6° GIFs DE CALISTENIA\Puxada escapular na barra fixa.gif
pulldown-front-lever,Pulldown front lever,calisthenics,,high,no,Calisthenics,Puxada Front Lever.gif,,C:\Users\ADMIN\Desktop\gif exercises\BIBLIOTECA DE EJERCICIOS\6° GIFs DE CALISTENIA\Puxada Front Lever.gif
pulldown-isometric,Pulldown isometric,calisthenics,,high,no,Calisthenics,Puxada isométrica.gif,,C:\Users\ADMIN\Desktop\gif exercises\BIBLIOTECA DE EJERCICIOS\6° GIFs DE CALISTENIA\Puxada isométrica.gif
row-with-weight-of-the-body-on-doorway,Row with weight of the body on doorway,calisthenics,,high,no,Calisthenics,Remada com o Peso do Corpo na Porta.gif,,C:\Users\ADMIN\Desktop\gif exercises\BIBLIOTECA DE EJERCICIOS\6° GIFs DE CALISTENIA\Remada com o Peso do Corpo na Porta.gif
row-reversed-with-gymnastic-rings,Row reversed with gymnastic rings,calisthenics,,high,no,Calisthenics,Remada Invertida Com Argolas.gif,,C:\Users\ADMIN\Desktop\gif exercises\BIBLIOTECA DE EJERCICIOS\6° GIFs DE CALISTENIA\Remada Invertida Com Argolas.gif
row-reversed-on-table,Row reversed on table,calisthenics,,high,no,Calisthenics,Remada Invertida na Mesa.gif,,C:\Users\ADMIN\Desktop\gif exercises\BIBLIOTECA DE EJERCICIOS\6° GIFs DE CALISTENIA\Remada Invertida na Mesa.gif
curl-concentrated-with-leg,Curl concentrated with leg,calisthenics,,high,no,Calisthenics,Rosca concentrada com perna.gif,,C:\Users\ADMIN\Desktop\gif exercises\BIBLIOTECA DE EJERCICIOS\6° GIFs DE CALISTENIA\Rosca concentrada com perna.gif
jump-in-box-with-one-leg,Jump in box with one leg,calisthenics,,high,no,Calisthenics,Salto em Caixa com uma Perna.gif,,C:\Users\ADMIN\Desktop\gif exercises\BIBLIOTECA DE EJERCICIOS\6° GIFs DE CALISTENIA\Salto em Caixa com uma Perna.gif
jump-in-distance,Jump in distance,calisthenics,,high,no,Calisthenics,Salto em Distância.gif,,C:\Users\ADMIN\Desktop\gif exercises\BIBLIOTECA DE EJERCICIOS\6° GIFs DE CALISTENIA\Salto em Distância.gif
jump-on-box-for-squat-pistola,Jump on box for squat pistola,calisthenics,,high,no,Calisthenics,Salto na Caixa para Agachamento Pistola.gif,,C:\Users\ADMIN\Desktop\gif exercises\BIBLIOTECA DE EJERCICIOS\6° GIFs DE CALISTENIA\Salto na Caixa para Agachamento Pistola.gif
jump-for-box-2-for-1,Jump for box 2 for 1,calisthenics,,high,no,Calisthenics,Salto para Caixa 2 para 1.gif,,C:\Users\ADMIN\Desktop\gif exercises\BIBLIOTECA DE EJERCICIOS\6° GIFs DE CALISTENIA\Salto para Caixa 2 para 1.gif
suspension-passive,Suspension passive,calisthenics,,high,no,Calisthenics,Suspensão Passiva.gif,,C:\Users\ADMIN\Desktop\gif exercises\BIBLIOTECA DE EJERCICIOS\6° GIFs DE CALISTENIA\Suspensão Passiva.gif
swing-360,Swing 360,calisthenics,,needs_review,no,Calisthenics,Swing 360.gif,swing,C:\Users\ADMIN\Desktop\gif exercises\BIBLIOTECA DE EJERCICIOS\6° GIFs DE CALISTENIA\Swing 360.gif
abduction-of-hip-with-band,Abduction of hip with band,functional_hiit,,high,no,Functional / HIIT,Abdução de Quadril com Faixa.gif,,C:\Users\ADMIN\Desktop\gif exercises\BIBLIOTECA DE EJERCICIOS\7° GIFs DE ENTRENAMIENTO FUNCIONAL Y HIIT\Abdução de Quadril com Faixa.gif
abduction-of-hip-in-side-lying,Abduction of hip in side-lying,functional_hiit,,high,no,Functional / HIIT,Abdução de Quadril em Decúbito Lateral.gif,,C:\Users\ADMIN\Desktop\gif exercises\BIBLIOTECA DE EJERCICIOS\7° GIFs DE ENTRENAMIENTO FUNCIONAL Y HIIT\Abdução de Quadril em Decúbito Lateral.gif
abduction-of-hip-standing,Abduction of hip standing,functional_hiit,,high,no,Functional / HIIT,Abdução de Quadril em Pé.gif,,C:\Users\ADMIN\Desktop\gif exercises\BIBLIOTECA DE EJERCICIOS\7° GIFs DE ENTRENAMIENTO FUNCIONAL Y HIIT\Abdução de Quadril em Pé.gif
abduction-of-hip-lateral,Abduction of hip lateral,functional_hiit,,high,no,Functional / HIIT,Abdução de Quadril Lateral.gif,,C:\Users\ADMIN\Desktop\gif exercises\BIBLIOTECA DE EJERCICIOS\7° GIFs DE ENTRENAMIENTO FUNCIONAL Y HIIT\Abdução de Quadril Lateral.gif
abduction-of-hip-seated-with-resistance-band,Abduction of hip seated with resistance band,functional_hiit,,high,no,Functional / HIIT,Abdução de Quadril Sentado com Faixa Elástica.gif,,C:\Users\ADMIN\Desktop\gif exercises\BIBLIOTECA DE EJERCICIOS\7° GIFs DE ENTRENAMIENTO FUNCIONAL Y HIIT\Abdução de Quadril Sentado com Faixa Elástica.gif
adduction-of-shoulder-with-resistance-band,Adduction of shoulder with resistance band,functional_hiit,,high,no,Functional / HIIT,Adução de Ombro com Faixa Elástica.gif,,C:\Users\ADMIN\Desktop\gif exercises\BIBLIOTECA DE EJERCICIOS\7° GIFs DE ENTRENAMIENTO FUNCIONAL Y HIIT\Adução de Ombro com Faixa Elástica.gif
lunge-alternating-with-jump,Lunge alternating with jump,functional_hiit,,high,no,Functional / HIIT,Afundo Alternado com Salto.gif,,C:\Users\ADMIN\Desktop\gif exercises\BIBLIOTECA DE EJERCICIOS\7° GIFs DE ENTRENAMIENTO FUNCIONAL Y HIIT\Afundo Alternado com Salto.gif
lunge-with-gymstick,Lunge with gymstick,functional_hiit,,high,no,Functional / HIIT,Afundo com Gymstick.gif,,C:\Users\ADMIN\Desktop\gif exercises\BIBLIOTECA DE EJERCICIOS\7° GIFs DE ENTRENAMIENTO FUNCIONAL Y HIIT\Afundo com Gymstick.gif
lunge-lateral,Lunge lateral,functional_hiit,,high,no,Functional / HIIT,Afundo Lateral.gif,,C:\Users\ADMIN\Desktop\gif exercises\BIBLIOTECA DE EJERCICIOS\7° GIFs DE ENTRENAMIENTO FUNCIONAL Y HIIT\Afundo Lateral.gif
lunge-on-bench,Lunge on bench,functional_hiit,,high,yes,Functional / HIIT,Afundo no banco.gif,,C:\Users\ADMIN\Desktop\gif exercises\BIBLIOTECA DE EJERCICIOS\7° GIFs DE ENTRENAMIENTO FUNCIONAL Y HIIT\Afundo no banco.gif
lunge,Lunge,functional_hiit,,high,yes,Functional / HIIT,Afundo.gif,,C:\Users\ADMIN\Desktop\gif exercises\BIBLIOTECA DE EJERCICIOS\7° GIFs DE ENTRENAMIENTO FUNCIONAL Y HIIT\Afundo.gif
squat-bulgarian-with-bodyweight,Squat bulgarian with bodyweight,functional_hiit,,high,yes,Functional / HIIT,Agachamento Búlgaro com Peso Corporal.gif,,C:\Users\ADMIN\Desktop\gif exercises\BIBLIOTECA DE EJERCICIOS\7° GIFs DE ENTRENAMIENTO FUNCIONAL Y HIIT\Agachamento Búlgaro com Peso Corporal.gif
squat-bulgarian-with-jump,Squat bulgarian with jump,functional_hiit,,high,yes,Functional / HIIT,Agachamento búlgaro com salto.gif,,C:\Users\ADMIN\Desktop\gif exercises\BIBLIOTECA DE EJERCICIOS\7° GIFs DE ENTRENAMIENTO FUNCIONAL Y HIIT\Agachamento búlgaro com salto.gif
squat-shrimp,Squat shrimp,functional_hiit,,high,yes,Functional / HIIT,Agachamento Camarão.gif,,C:\Users\ADMIN\Desktop\gif exercises\BIBLIOTECA DE EJERCICIOS\7° GIFs DE ENTRENAMIENTO FUNCIONAL Y HIIT\Agachamento Camarão.gif
squat-with-side-kick-and-heel-touch,Squat with side kick and heel touch,functional_hiit,,high,no,Functional / HIIT,Agachamento com Chute Lateral e Toque no Calcanhar.gif,,C:\Users\ADMIN\Desktop\gif exercises\BIBLIOTECA DE EJERCICIOS\7° GIFs DE ENTRENAMIENTO FUNCIONAL Y HIIT\Agachamento com Chute Lateral e Toque no Calcanhar.gif
squat-with-knee-raise,Squat with knee raise,functional_hiit,,high,no,Functional / HIIT,Agachamento com Elevação dos Joelhos.gif,,C:\Users\ADMIN\Desktop\gif exercises\BIBLIOTECA DE EJERCICIOS\7° GIFs DE ENTRENAMIENTO FUNCIONAL Y HIIT\Agachamento com Elevação dos Joelhos.gif
squat-with-resistance-band-in-lunge,Squat with resistance band in lunge,functional_hiit,,high,no,Functional / HIIT,Agachamento com Faixa Elástica em Afundo.gif,,C:\Users\ADMIN\Desktop\gif exercises\BIBLIOTECA DE EJERCICIOS\7° GIFs DE ENTRENAMIENTO FUNCIONAL Y HIIT\Agachamento com Faixa Elástica em Afundo.gif
squat-with-resistance-band-over-head,Squat with resistance band over head,functional_hiit,,high,no,Functional / HIIT,Agachamento com Faixa Elástica sobre a Cabeça.gif,,C:\Users\ADMIN\Desktop\gif exercises\BIBLIOTECA DE EJERCICIOS\7° GIFs DE ENTRENAMIENTO FUNCIONAL Y HIIT\Agachamento com Faixa Elástica sobre a Cabeça.gif
squat-with-gymstick,Squat with gymstick,functional_hiit,,high,no,Functional / HIIT,Agachamento com Gymstick.gif,,C:\Users\ADMIN\Desktop\gif exercises\BIBLIOTECA DE EJERCICIOS\7° GIFs DE ENTRENAMIENTO FUNCIONAL Y HIIT\Agachamento com Gymstick.gif
squat-with-jump,Squat with jump,functional_hiit,,high,yes,Functional / HIIT,Agachamento com Salto.gif,,C:\Users\ADMIN\Desktop\gif exercises\BIBLIOTECA DE EJERCICIOS\7° GIFs DE ENTRENAMIENTO FUNCIONAL Y HIIT\Agachamento com Salto.gif
squat-with-hold-and-raise-of-calves,Squat with hold and raise of calves,functional_hiit,,high,yes,Functional / HIIT,Agachamento com Sustentação e Elevação de Panturrilhas.gif,,C:\Users\ADMIN\Desktop\gif exercises\BIBLIOTECA DE EJERCICIOS\7° GIFs DE ENTRENAMIENTO FUNCIONAL Y HIIT\Agachamento com Sustentação e Elevação de Panturrilhas.gif
squat-cossack,Squat cossack,functional_hiit,,high,no,Functional / HIIT,Agachamento Cossaco.gif,,C:\Users\ADMIN\Desktop\gif exercises\BIBLIOTECA DE EJERCICIOS\7° GIFs DE ENTRENAMIENTO FUNCIONAL Y HIIT\Agachamento Cossaco.gif
squat-deep-split,Squat deep split,functional_hiit,,high,no,Functional / HIIT,Agachamento Dividido Profundo.gif,,C:\Users\ADMIN\Desktop\gif exercises\BIBLIOTECA DE EJERCICIOS\7° GIFs DE ENTRENAMIENTO FUNCIONAL Y HIIT\Agachamento Dividido Profundo.gif
squat-goblet-with-kettlebell-and-resistance-band,Squat goblet with kettlebell and resistance band,functional_hiit,,high,no,Functional / HIIT,Agachamento Goblet com Kettlebell e Faixa Elástica.gif,,C:\Users\ADMIN\Desktop\gif exercises\BIBLIOTECA DE EJERCICIOS\7° GIFs DE ENTRENAMIENTO FUNCIONAL Y HIIT\Agachamento Goblet com Kettlebell e Faixa Elástica.gif
squat-against-wall-with-stability-ball,Squat against wall with stability ball,functional_hiit,,high,no,Functional / HIIT,Agachamento na Parede com Bola de Exercício.gif,,C:\Users\ADMIN\Desktop\gif exercises\BIBLIOTECA DE EJERCICIOS\7° GIFs DE ENTRENAMIENTO FUNCIONAL Y HIIT\Agachamento na Parede com Bola de Exercício.gif
squat-on-bench-with-bodyweight,Squat on bench with bodyweight,functional_hiit,,high,yes,Functional / HIIT,Agachamento no Banco com Peso Corporal.gif,,C:\Users\ADMIN\Desktop\gif exercises\BIBLIOTECA DE EJERCICIOS\7° GIFs DE ENTRENAMIENTO FUNCIONAL Y HIIT\Agachamento no Banco com Peso Corporal.gif
squat-pistola-with-box-support,Squat pistola with box support,functional_hiit,,high,no,Functional / HIIT,Agachamento Pistola com Apoio em Caixa.gif,,C:\Users\ADMIN\Desktop\gif exercises\BIBLIOTECA DE EJERCICIOS\7° GIFs DE ENTRENAMIENTO FUNCIONAL Y HIIT\Agachamento Pistola com Apoio em Caixa.gif
squat-pistola-on-box,Squat pistola on box,functional_hiit,,high,yes,Functional / HIIT,Agachamento Pistola na Caixa.gif,,C:\Users\ADMIN\Desktop\gif exercises\BIBLIOTECA DE EJERCICIOS\7° GIFs DE ENTRENAMIENTO FUNCIONAL Y HIIT\Agachamento Pistola na Caixa.gif
squat-skater,Squat skater,functional_hiit,,high,yes,Functional / HIIT,Agachamento Skater.gif,,C:\Users\ADMIN\Desktop\gif exercises\BIBLIOTECA DE EJERCICIOS\7° GIFs DE ENTRENAMIENTO FUNCIONAL Y HIIT\Agachamento Skater.gif
squat-sumo-unweighted,Squat sumo unweighted,functional_hiit,,high,yes,Functional / HIIT,Agachamento Sumô sem Pesos.gif,,C:\Users\ADMIN\Desktop\gif exercises\BIBLIOTECA DE EJERCICIOS\7° GIFs DE ENTRENAMIENTO FUNCIONAL Y HIIT\Agachamento Sumô sem Pesos.gif
squat-unilateral-crossed,Squat unilateral crossed,functional_hiit,,high,no,Functional / HIIT,Agachamento unilateral cruzado.gif,,C:\Users\ADMIN\Desktop\gif exercises\BIBLIOTECA DE EJERCICIOS\7° GIFs DE ENTRENAMIENTO FUNCIONAL Y HIIT\Agachamento unilateral cruzado.gif
squat,Squat,functional_hiit,,high,yes,Functional / HIIT,Agachamento.gif,,C:\Users\ADMIN\Desktop\gif exercises\BIBLIOTECA DE EJERCICIOS\7° GIFs DE ENTRENAMIENTO FUNCIONAL Y HIIT\Agachamento.gif
walk-of-bicycle-outdoor,Walk of bicycle outdoor,functional_hiit,,high,no,Functional / HIIT,Andar de Bicicleta ao Ar Livre.gif,,C:\Users\ADMIN\Desktop\gif exercises\BIBLIOTECA DE EJERCICIOS\7° GIFs DE ENTRENAMIENTO FUNCIONAL Y HIIT\Andar de Bicicleta ao Ar Livre.gif
throw-of-reaction-ball,Throw of reaction ball,functional_hiit,,high,no,Functional / HIIT,Arremesso de Bola de Reação.gif,,C:\Users\ADMIN\Desktop\gif exercises\BIBLIOTECA DE EJERCICIOS\7° GIFs DE ENTRENAMIENTO FUNCIONAL Y HIIT\Arremesso de Bola de Reação.gif
throw-of-medicine-ball-with-trunk-raise,Throw of medicine ball with trunk raise,functional_hiit,,high,no,Functional / HIIT,Arremesso de Medicina Bola com Levantamento de Tronco.gif,,C:\Users\ADMIN\Desktop\gif exercises\BIBLIOTECA DE EJERCICIOS\7° GIFs DE ENTRENAMIENTO FUNCIONAL Y HIIT\Arremesso de Medicina Bola com Levantamento de Tronco.gif
lunge-with-high-knee-on-top-of-the-bosu-ball,Lunge with high knee on top of the bosu ball,functional_hiit,,high,no,Functional / HIIT,Avanço com Joelho Alto em Cima da Bola Bosu.gif,,C:\Users\ADMIN\Desktop\gif exercises\BIBLIOTECA DE EJERCICIOS\7° GIFs DE ENTRENAMIENTO FUNCIONAL Y HIIT\Avanço com Joelho Alto em Cima da Bola Bosu.gif
lunge-with-raised-knee-in-walking,Lunge with raised knee in walking,functional_hiit,,high,no,Functional / HIIT,Avanço com Joelho Elevado em Caminhada.gif,,C:\Users\ADMIN\Desktop\gif exercises\BIBLIOTECA DE EJERCICIOS\7° GIFs DE ENTRENAMIENTO FUNCIONAL Y HIIT\Avanço com Joelho Elevado em Caminhada.gif
lunge-without-bodyweight,Lunge without bodyweight,functional_hiit,,high,yes,Functional / HIIT,Avanço sem Peso Corporal.gif,,C:\Users\ADMIN\Desktop\gif exercises\BIBLIOTECA DE EJERCICIOS\7° GIFs DE ENTRENAMIENTO FUNCIONAL Y HIIT\Avanço sem Peso Corporal.gif
swing-with-gymstick,Swing with gymstick,functional_hiit,,high,no,Functional / HIIT,Balanço com gymstick.gif,,C:\Users\ADMIN\Desktop\gif exercises\BIBLIOTECA DE EJERCICIOS\7° GIFs DE ENTRENAMIENTO FUNCIONAL Y HIIT\Balanço com gymstick.gif
balloon-drill,Balloon drill,functional_hiit,,high,no,Functional / HIIT,Balloon Drill.gif,,C:\Users\ADMIN\Desktop\gif exercises\BIBLIOTECA DE EJERCICIOS\7° GIFs DE ENTRENAMIENTO FUNCIONAL Y HIIT\Balloon Drill.gif
ball-medicine-throw-for-up-and-for-down,Ball medicine throw for up and for down,functional_hiit,,high,no,Functional / HIIT,Bola medicinal lançada para cima e para baixo.gif,,C:\Users\ADMIN\Desktop\gif exercises\BIBLIOTECA DE EJERCICIOS\7° GIFs DE ENTRENAMIENTO FUNCIONAL Y HIIT\Bola medicinal lançada para cima e para baixo.gif
ball-against-wall,Ball against wall,functional_hiit,,high,no,Functional / HIIT,Bola na parede.gif,,C:\Users\ADMIN\Desktop\gif exercises\BIBLIOTECA DE EJERCICIOS\7° GIFs DE ENTRENAMIENTO FUNCIONAL Y HIIT\Bola na parede.gif
good-morning-with-resistance-band-of-resistance,Good morning with resistance band of resistance,functional_hiit,,high,no,Functional / HIIT,Bom Dia com Faixa Elástica de Resistência.gif,,C:\Users\ADMIN\Desktop\gif exercises\BIBLIOTECA DE EJERCICIOS\7° GIFs DE ENTRENAMIENTO FUNCIONAL Y HIIT\Bom Dia com Faixa Elástica de Resistência.gif
boxing-jab,Boxing jab,functional_hiit,,high,no,Functional / HIIT,Boxe jab.gif,,C:\Users\ADMIN\Desktop\gif exercises\BIBLIOTECA DE EJERCICIOS\7° GIFs DE ENTRENAMIENTO FUNCIONAL Y HIIT\Boxe jab.gif
boxing-shadow,Boxing shadow,functional_hiit,,high,no,Functional / HIIT,Boxe Sombra.gif,,C:\Users\ADMIN\Desktop\gif exercises\BIBLIOTECA DE EJERCICIOS\7° GIFs DE ENTRENAMIENTO FUNCIONAL Y HIIT\Boxe Sombra.gif
burpees,Burpees,functional_hiit,,high,no,Functional / HIIT,Burpees.gif,,C:\Users\ADMIN\Desktop\gif exercises\BIBLIOTECA DE EJERCICIOS\7° GIFs DE ENTRENAMIENTO FUNCIONAL Y HIIT\Burpees.gif
walking-lateral-with-band-of-resistance,Walking lateral with band of resistance,functional_hiit,,high,no,Functional / HIIT,Caminhada Lateral com Faixa de Resistência.gif,,C:\Users\ADMIN\Desktop\gif exercises\BIBLIOTECA DE EJERCICIOS\7° GIFs DE ENTRENAMIENTO FUNCIONAL Y HIIT\Caminhada Lateral com Faixa de Resistência.gif
walking-fast,Walking fast,functional_hiit,,high,no,Functional / HIIT,Caminhada Rápida.gif,,C:\Users\ADMIN\Desktop\gif exercises\BIBLIOTECA DE EJERCICIOS\7° GIFs DE ENTRENAMIENTO FUNCIONAL Y HIIT\Caminhada Rápida.gif
walking,Walking,functional_hiit,,high,no,Functional / HIIT,Caminhar.gif,,C:\Users\ADMIN\Desktop\gif exercises\BIBLIOTECA DE EJERCICIOS\7° GIFs DE ENTRENAMIENTO FUNCIONAL Y HIIT\Caminhar.gif
cardio-of-steps-of-boxer,Cardio of steps of boxer,functional_hiit,,high,no,Functional / HIIT,Cardio de Passos de Boxeador.gif,,C:\Users\ADMIN\Desktop\gif exercises\BIBLIOTECA DE EJERCICIOS\7° GIFs DE ENTRENAMIENTO FUNCIONAL Y HIIT\Cardio de Passos de Boxeador.gif
kick-in-hook,Kick in hook,functional_hiit,,high,no,Functional / HIIT,Chute em Gancho.gif,,C:\Users\ADMIN\Desktop\gif exercises\BIBLIOTECA DE EJERCICIOS\7° GIFs DE ENTRENAMIENTO FUNCIONAL Y HIIT\Chute em Gancho.gif
kicks-alternating-of-glutes-on-bench,Kicks alternating of glutes on bench,functional_hiit,,high,no,Functional / HIIT,Chutes Alternados de Glúteos no Banco.gif,,C:\Users\ADMIN\Desktop\gif exercises\BIBLIOTECA DE EJERCICIOS\7° GIFs DE ENTRENAMIENTO FUNCIONAL Y HIIT\Chutes Alternados de Glúteos no Banco.gif
kicks-to-glute,Kicks to glute,functional_hiit,,high,no,Functional / HIIT,Chutes até o Glúteo.gif,,C:\Users\ADMIN\Desktop\gif exercises\BIBLIOTECA DE EJERCICIOS\7° GIFs DE ENTRENAMIENTO FUNCIONAL Y HIIT\Chutes até o Glúteo.gif
kickback-with-leg-bent,Kickback with leg bent,functional_hiit,,high,no,Functional / HIIT,Coice com Perna Flexionada.gif,,C:\Users\ADMIN\Desktop\gif exercises\BIBLIOTECA DE EJERCICIOS\7° GIFs DE ENTRENAMIENTO FUNCIONAL Y HIIT\Coice com Perna Flexionada.gif
kickback-of-donkey,Kickback of donkey,functional_hiit,,high,no,Functional / HIIT,Coice de Burro.gif,,C:\Users\ADMIN\Desktop\gif exercises\BIBLIOTECA DE EJERCICIOS\7° GIFs DE ENTRENAMIENTO FUNCIONAL Y HIIT\Coice de Burro.gif
rope-of-battle,Rope of battle,functional_hiit,,high,no,Functional / HIIT,Corda de batalha.gif,,C:\Users\ADMIN\Desktop\gif exercises\BIBLIOTECA DE EJERCICIOS\7° GIFs DE ENTRENAMIENTO FUNCIONAL Y HIIT\Corda de batalha.gif
running-with-knee-raise,Running with knee raise,functional_hiit,,high,no,Functional / HIIT,Corrida com Elevação dos Joelhos.gif,,C:\Users\ADMIN\Desktop\gif exercises\BIBLIOTECA DE EJERCICIOS\7° GIFs DE ENTRENAMIENTO FUNCIONAL Y HIIT\Corrida com Elevação dos Joelhos.gif
running-with-knees-high,Running with knees high,functional_hiit,,high,no,Functional / HIIT,Corrida com Joelhos Altos.gif,,C:\Users\ADMIN\Desktop\gif exercises\BIBLIOTECA DE EJERCICIOS\7° GIFs DE ENTRENAMIENTO FUNCIONAL Y HIIT\Corrida com Joelhos Altos.gif
running-with-steps-fast,Running with steps fast,functional_hiit,,high,no,Functional / HIIT,Corrida com Passos Rápidos.gif,,C:\Users\ADMIN\Desktop\gif exercises\BIBLIOTECA DE EJERCICIOS\7° GIFs DE ENTRENAMIENTO FUNCIONAL Y HIIT\Corrida com Passos Rápidos.gif
running-with-jump,Running with jump,functional_hiit,,high,no,Functional / HIIT,Corrida com Salto.gif,,C:\Users\ADMIN\Desktop\gif exercises\BIBLIOTECA DE EJERCICIOS\7° GIFs DE ENTRENAMIENTO FUNCIONAL Y HIIT\Corrida com Salto.gif
running-of-steps-short,Running of steps short,functional_hiit,,high,no,Functional / HIIT,Corrida de Passos Curtos.gif,,C:\Users\ADMIN\Desktop\gif exercises\BIBLIOTECA DE EJERCICIOS\7° GIFs DE ENTRENAMIENTO FUNCIONAL Y HIIT\Corrida de Passos Curtos.gif
running-of-sprint-with-assistance-of-resistance-band,Running of sprint with assistance of resistance band,functional_hiit,,high,no,Functional / HIIT,Corrida de Sprint com Assistência de Faixa Elástica.gif,,C:\Users\ADMIN\Desktop\gif exercises\BIBLIOTECA DE EJERCICIOS\7° GIFs DE ENTRENAMIENTO FUNCIONAL Y HIIT\Corrida de Sprint com Assistência de Faixa Elástica.gif
running-stationary,Running stationary,functional_hiit,,high,no,Functional / HIIT,Corrida Estacionária.gif,,C:\Users\ADMIN\Desktop\gif exercises\BIBLIOTECA DE EJERCICIOS\7° GIFs DE ENTRENAMIENTO FUNCIONAL Y HIIT\Corrida Estacionária.gif
running-lateral,Running lateral,functional_hiit,,high,no,Functional / HIIT,Corrida Latera.gif,,C:\Users\ADMIN\Desktop\gif exercises\BIBLIOTECA DE EJERCICIOS\7° GIFs DE ENTRENAMIENTO FUNCIONAL Y HIIT\Corrida Latera.gif
running-for-behind,Running for behind,functional_hiit,,high,no,Functional / HIIT,Corrida para Trás.gif,,C:\Users\ADMIN\Desktop\gif exercises\BIBLIOTECA DE EJERCICIOS\7° GIFs DE ENTRENAMIENTO FUNCIONAL Y HIIT\Corrida para Trás.gif
running,Running,functional_hiit,,high,no,Functional / HIIT,Corrida.gif,,C:\Users\ADMIN\Desktop\gif exercises\BIBLIOTECA DE EJERCICIOS\7° GIFs DE ENTRENAMIENTO FUNCIONAL Y HIIT\Corrida.gif
fly-reversed-with-gymstick-for-deltoids-posterior,Fly reversed with gymstick for deltoids posterior,functional_hiit,,high,no,Functional / HIIT,Crucifixo invertido com gymstick para deltoides posterior.gif,,C:\Users\ADMIN\Desktop\gif exercises\BIBLIOTECA DE EJERCICIOS\7° GIFs DE ENTRENAMIENTO FUNCIONAL Y HIIT\Crucifixo invertido com gymstick para deltoides posterior.gif
cross-of-iron-with-dumbbells,Cross of iron with dumbbells,functional_hiit,,high,no,Functional / HIIT,Cruz de ferro com halteres.gif,,C:\Users\ADMIN\Desktop\gif exercises\BIBLIOTECA DE EJERCICIOS\7° GIFs DE ENTRENAMIENTO FUNCIONAL Y HIIT\Cruz de ferro com halteres.gif
crossed-of-right,Crossed of right,functional_hiit,,high,no,Functional / HIIT,Cruzado de Direita.gif,,C:\Users\ADMIN\Desktop\gif exercises\BIBLIOTECA DE EJERCICIOS\7° GIFs DE ENTRENAMIENTO FUNCIONAL Y HIIT\Cruzado de Direita.gif
copy-of-abdominal-of-row-with-ball-of-exercises,Copy of abdominal of row with ball of exercises,functional_hiit,,high,no,Functional / HIIT,Cópia de Abdominal de Rã com Bola de Exercícios.gif,,C:\Users\ADMIN\Desktop\gif exercises\BIBLIOTECA DE EJERCICIOS\7° GIFs DE ENTRENAMIENTO FUNCIONAL Y HIIT\Cópia de Abdominal de Rã com Bola de Exercícios.gif
shoulder-press-of-shoulder-seated-with-band-of-resistance,Shoulder press of shoulder seated with band of resistance,functional_hiit,,high,no,Functional / HIIT,Desenvolvimento de ombro sentado com faixa de resistência.gif,,C:\Users\ADMIN\Desktop\gif exercises\BIBLIOTECA DE EJERCICIOS\7° GIFs DE ENTRENAMIENTO FUNCIONAL Y HIIT\Desenvolvimento de ombro sentado com faixa de resistência.gif
shoulder-press-of-shoulder-unilateral-with-band,Shoulder press of shoulder unilateral with band,functional_hiit,,high,no,Functional / HIIT,Desenvolvimento de ombro unilateral com banda.gif,,C:\Users\ADMIN\Desktop\gif exercises\BIBLIOTECA DE EJERCICIOS\7° GIFs DE ENTRENAMIENTO FUNCIONAL Y HIIT\Desenvolvimento de ombro unilateral com banda.gif
shoulder-press-lateral-with-gymstick,Shoulder press lateral with gymstick,functional_hiit,,high,no,Functional / HIIT,Desenvolvimento lateral com gymstick.gif,,C:\Users\ADMIN\Desktop\gif exercises\BIBLIOTECA DE EJERCICIOS\7° GIFs DE ENTRENAMIENTO FUNCIONAL Y HIIT\Desenvolvimento lateral com gymstick.gif
shoulder-press-military-behind-of-the-head-with-gymstick,Shoulder press military behind of the head with gymstick,functional_hiit,,high,no,Functional / HIIT,Desenvolvimento militar atrás da cabeça com gymstick.gif,,C:\Users\ADMIN\Desktop\gif exercises\BIBLIOTECA DE EJERCICIOS\7° GIFs DE ENTRENAMIENTO FUNCIONAL Y HIIT\Desenvolvimento militar atrás da cabeça com gymstick.gif
shoulder-press-military-weighted-of-the-body,Shoulder press military weighted of the body,functional_hiit,,high,no,Functional / HIIT,Desenvolvimento militar com peso do corpo.gif,,C:\Users\ADMIN\Desktop\gif exercises\BIBLIOTECA DE EJERCICIOS\7° GIFs DE ENTRENAMIENTO FUNCIONAL Y HIIT\Desenvolvimento militar com peso do corpo.gif
raise-with-rotation-of-the-elbow-opposite-for-knee,Raise with rotation of the elbow opposite for knee,functional_hiit,,high,no,Functional / HIIT,Elevação com Giro do Cotovelo Oposto para o Joelho.gif,,C:\Users\ADMIN\Desktop\gif exercises\BIBLIOTECA DE EJERCICIOS\7° GIFs DE ENTRENAMIENTO FUNCIONAL Y HIIT\Elevação com Giro do Cotovelo Oposto para o Joelho.gif
raise-of-the-leg-standing-with-resistance-band-of-resistance,Raise of the leg standing with resistance band of resistance,functional_hiit,,high,no,Functional / HIIT,Elevação da Perna em Pé com Faixa Elástica de Resistência.gif,,C:\Users\ADMIN\Desktop\gif exercises\BIBLIOTECA DE EJERCICIOS\7° GIFs DE ENTRENAMIENTO FUNCIONAL Y HIIT\Elevação da Perna em Pé com Faixa Elástica de Resistência.gif
raise-of-calf-with-resistance-band-of-resistance,Raise of calf with resistance band of resistance,functional_hiit,,high,no,Functional / HIIT,Elevação de Panturrilha com Faixa Elástica de Resistência.gif,,C:\Users\ADMIN\Desktop\gif exercises\BIBLIOTECA DE EJERCICIOS\7° GIFs DE ENTRENAMIENTO FUNCIONAL Y HIIT\Elevação de Panturrilha com Faixa Elástica de Resistência.gif
raise-of-standing-calf-raise,Raise of standing calf raise,functional_hiit,,high,yes,Functional / HIIT,Elevação de panturrilha em pé.gif,,C:\Users\ADMIN\Desktop\gif exercises\BIBLIOTECA DE EJERCICIOS\7° GIFs DE ENTRENAMIENTO FUNCIONAL Y HIIT\Elevação de panturrilha em pé.gif
raise-of-calf-in-one-leg,Raise of calf in one leg,functional_hiit,,high,yes,Functional / HIIT,Elevação de Panturrilha em Uma Perna.gif,,C:\Users\ADMIN\Desktop\gif exercises\BIBLIOTECA DE EJERCICIOS\7° GIFs DE ENTRENAMIENTO FUNCIONAL Y HIIT\Elevação de Panturrilha em Uma Perna.gif
raise-of-leg-straight-standing-with-band-of-resistance,Raise of leg straight standing with band of resistance,functional_hiit,,high,no,Functional / HIIT,Elevação de Perna Reta em Pé com Faixa de Resistência.gif,,C:\Users\ADMIN\Desktop\gif exercises\BIBLIOTECA DE EJERCICIOS\7° GIFs DE ENTRENAMIENTO FUNCIONAL Y HIIT\Elevação de Perna Reta em Pé com Faixa de Resistência.gif
raise-of-leg-single-with-balance-and-curl-of-biceps,Raise of leg single with balance and curl of biceps,functional_hiit,,high,no,Functional / HIIT,Elevação de Perna Única com Equilíbrio e Rosca de Bíceps.gif,,C:\Users\ADMIN\Desktop\gif exercises\BIBLIOTECA DE EJERCICIOS\7° GIFs DE ENTRENAMIENTO FUNCIONAL Y HIIT\Elevação de Perna Única com Equilíbrio e Rosca de Bíceps.gif
raise-of-legs-lying-on-side,Raise of legs lying on side,functional_hiit,,high,no,Functional / HIIT,Elevação de Pernas deitado de Lado.gif,,C:\Users\ADMIN\Desktop\gif exercises\BIBLIOTECA DE EJERCICIOS\7° GIFs DE ENTRENAMIENTO FUNCIONAL Y HIIT\Elevação de Pernas deitado de Lado.gif
raise-of-legs-style-frog,Raise of legs style frog,functional_hiit,,high,no,Functional / HIIT,Elevação de Pernas estilo Sapo.gif,,C:\Users\ADMIN\Desktop\gif exercises\BIBLIOTECA DE EJERCICIOS\7° GIFs DE ENTRENAMIENTO FUNCIONAL Y HIIT\Elevação de Pernas estilo Sapo.gif
raise-of-hip-with-band-of-resistance-of-knees,Raise of hip with band of resistance of knees,functional_hiit,,high,no,Functional / HIIT,Elevação de Quadril com Banda de Resistência de Joelhos.gif,,C:\Users\ADMIN\Desktop\gif exercises\BIBLIOTECA DE EJERCICIOS\7° GIFs DE ENTRENAMIENTO FUNCIONAL Y HIIT\Elevação de Quadril com Banda de Resistência de Joelhos.gif
raise-of-hip-with-bodyweight,Raise of hip with bodyweight,functional_hiit,,high,yes,Functional / HIIT,Elevação de Quadril com Peso Corporal.gif,,C:\Users\ADMIN\Desktop\gif exercises\BIBLIOTECA DE EJERCICIOS\7° GIFs DE ENTRENAMIENTO FUNCIONAL Y HIIT\Elevação de Quadril com Peso Corporal.gif
front-raise-lateral-with-elastic,Front raise lateral with elastic,functional_hiit,,high,no,Functional / HIIT,Elevação frontal lateral com elástico.gif,,C:\Users\ADMIN\Desktop\gif exercises\BIBLIOTECA DE EJERCICIOS\7° GIFs DE ENTRENAMIENTO FUNCIONAL Y HIIT\Elevação frontal lateral com elástico.gif
lateral-raise-of-arms,Lateral raise of arms,functional_hiit,,high,no,Functional / HIIT,Elevação lateral de braços.gif,,C:\Users\ADMIN\Desktop\gif exercises\BIBLIOTECA DE EJERCICIOS\7° GIFs DE ENTRENAMIENTO FUNCIONAL Y HIIT\Elevação lateral de braços.gif
lateral-raise-of-leg-with-resistance-band-lying-on-side,Lateral raise of leg with resistance band lying on side,functional_hiit,,high,no,Functional / HIIT,Elevação Lateral de Perna com Faixa Elástica Deitado de Lado.gif,,C:\Users\ADMIN\Desktop\gif exercises\BIBLIOTECA DE EJERCICIOS\7° GIFs DE ENTRENAMIENTO FUNCIONAL Y HIIT\Elevação Lateral de Perna com Faixa Elástica Deitado de Lado.gif
lateral-raise-of-leg-with-resistance-band,Lateral raise of leg with resistance band,functional_hiit,,high,no,Functional / HIIT,Elevação Lateral de Perna com Faixa Elástica.gif,,C:\Users\ADMIN\Desktop\gif exercises\BIBLIOTECA DE EJERCICIOS\7° GIFs DE ENTRENAMIENTO FUNCIONAL Y HIIT\Elevação Lateral de Perna com Faixa Elástica.gif
raise-pelvic-with-band-of-resistance,Raise pelvic with band of resistance,functional_hiit,,high,no,Functional / HIIT,Elevação Pélvica com Banda de Resistência.gif,,C:\Users\ADMIN\Desktop\gif exercises\BIBLIOTECA DE EJERCICIOS\7° GIFs DE ENTRENAMIENTO FUNCIONAL Y HIIT\Elevação Pélvica com Banda de Resistência.gif
raise-pelvic-decline,Raise pelvic decline,functional_hiit,,high,yes,Functional / HIIT,Elevação Pélvica Declinado.gif,,C:\Users\ADMIN\Desktop\gif exercises\BIBLIOTECA DE EJERCICIOS\7° GIFs DE ENTRENAMIENTO FUNCIONAL Y HIIT\Elevação Pélvica Declinado.gif
mountain-climber-of-mountain,Mountain climber of mountain,functional_hiit,,high,no,Functional / HIIT,Escalador de Montanha.gif,,C:\Users\ADMIN\Desktop\gif exercises\BIBLIOTECA DE EJERCICIOS\7° GIFs DE ENTRENAMIENTO FUNCIONAL Y HIIT\Escalador de Montanha.gif
skier-with-gymstick,Skier with gymstick,functional_hiit,,high,no,Functional / HIIT,Esquiador com gymstick.gif,,C:\Users\ADMIN\Desktop\gif exercises\BIBLIOTECA DE EJERCICIOS\7° GIFs DE ENTRENAMIENTO FUNCIONAL Y HIIT\Esquiador com gymstick.gif
exercise-plyometric-x,Exercise plyometric x,functional_hiit,,needs_review,no,Functional / HIIT,Exercício Pliométrico X.gif,x,C:\Users\ADMIN\Desktop\gif exercises\BIBLIOTECA DE EJERCICIOS\7° GIFs DE ENTRENAMIENTO FUNCIONAL Y HIIT\Exercício Pliométrico X.gif
exercises-of-the-5-marks,Exercises of the 5 marks,functional_hiit,,high,no,Functional / HIIT,Exercícios das 5 Marcas.gif,,C:\Users\ADMIN\Desktop\gif exercises\BIBLIOTECA DE EJERCICIOS\7° GIFs DE ENTRENAMIENTO FUNCIONAL Y HIIT\Exercícios das 5 Marcas.gif
exercises-of-ladder-of-agility-lateral,Exercises of ladder of agility lateral,functional_hiit,,high,no,Functional / HIIT,Exercícios de escada de agilidade lateral.gif,,C:\Users\ADMIN\Desktop\gif exercises\BIBLIOTECA DE EJERCICIOS\7° GIFs DE ENTRENAMIENTO FUNCIONAL Y HIIT\Exercícios de escada de agilidade lateral.gif
exercises-of-ladder-of-agility,Exercises of ladder of agility,functional_hiit,,high,no,Functional / HIIT,Exercícios de Escada de Agilidade.gif,,C:\Users\ADMIN\Desktop\gif exercises\BIBLIOTECA DE EJERCICIOS\7° GIFs DE ENTRENAMIENTO FUNCIONAL Y HIIT\Exercícios de Escada de Agilidade.gif
extension-of-glute-standing,Extension of glute standing,functional_hiit,,high,no,Functional / HIIT,Extensão De Glúteo Em Pé.gif,,C:\Users\ADMIN\Desktop\gif exercises\BIBLIOTECA DE EJERCICIOS\7° GIFs DE ENTRENAMIENTO FUNCIONAL Y HIIT\Extensão De Glúteo Em Pé.gif
extension-of-shoulder-with-band,Extension of shoulder with band,functional_hiit,,high,no,Functional / HIIT,Extensão de ombro com faixa.gif,,C:\Users\ADMIN\Desktop\gif exercises\BIBLIOTECA DE EJERCICIOS\7° GIFs DE ENTRENAMIENTO FUNCIONAL Y HIIT\Extensão de ombro com faixa.gif
leg-extension-standing-with-band-of-resistance,Leg extension standing with band of resistance,functional_hiit,,high,no,Functional / HIIT,Extensão de Perna em Pé com Faixa de Resistência.gif,,C:\Users\ADMIN\Desktop\gif exercises\BIBLIOTECA DE EJERCICIOS\7° GIFs DE ENTRENAMIENTO FUNCIONAL Y HIIT\Extensão de Perna em Pé com Faixa de Resistência.gif
leg-extension-straight,Leg extension straight,functional_hiit,,high,no,Functional / HIIT,Extensão De Perna Reta.gif,,C:\Users\ADMIN\Desktop\gif exercises\BIBLIOTECA DE EJERCICIOS\7° GIFs DE ENTRENAMIENTO FUNCIONAL Y HIIT\Extensão De Perna Reta.gif
extension-of-legs-with-resistance-band-seated,Extension of legs with resistance band seated,functional_hiit,,high,no,Functional / HIIT,Extensão de Pernas com Faixa Elástica Sentado.gif,,C:\Users\ADMIN\Desktop\gif exercises\BIBLIOTECA DE EJERCICIOS\7° GIFs DE ENTRENAMIENTO FUNCIONAL Y HIIT\Extensão de Pernas com Faixa Elástica Sentado.gif
extension-of-legs-seated-with-band-of-resistance,Extension of legs seated with band of resistance,functional_hiit,,high,no,Functional / HIIT,Extensão de Pernas Sentado com Faixa de Resistência.gif,,C:\Users\ADMIN\Desktop\gif exercises\BIBLIOTECA DE EJERCICIOS\7° GIFs DE ENTRENAMIENTO FUNCIONAL Y HIIT\Extensão de Pernas Sentado com Faixa de Resistência.gif
extension-of-hip-on-bench,Extension of hip on bench,functional_hiit,,high,no,Functional / HIIT,Extensão de Quadril no Banco.gif,,C:\Users\ADMIN\Desktop\gif exercises\BIBLIOTECA DE EJERCICIOS\7° GIFs DE ENTRENAMIENTO FUNCIONAL Y HIIT\Extensão de Quadril no Banco.gif
extension-of-triceps-overhead-of-the-head-with-gymstick,Extension of triceps overhead of the head with gymstick,functional_hiit,,high,no,Functional / HIIT,Extensão de Tríceps Acima da Cabeça com Gymstick.gif,,C:\Users\ADMIN\Desktop\gif exercises\BIBLIOTECA DE EJERCICIOS\7° GIFs DE ENTRENAMIENTO FUNCIONAL Y HIIT\Extensão de Tríceps Acima da Cabeça com Gymstick.gif
extension-of-triceps-with-elastic-on-position-horizontal,Extension of triceps with elastic on position horizontal,functional_hiit,,high,no,Functional / HIIT,Extensão de tríceps com elástico na posição horizontal.gif,,C:\Users\ADMIN\Desktop\gif exercises\BIBLIOTECA DE EJERCICIOS\7° GIFs DE ENTRENAMIENTO FUNCIONAL Y HIIT\Extensão de tríceps com elástico na posição horizontal.gif
extension-of-triceps-with-resistance-band,Extension of triceps with resistance band,functional_hiit,,high,no,Functional / HIIT,Extensão de Tríceps com Faixa Elástica.gif,,C:\Users\ADMIN\Desktop\gif exercises\BIBLIOTECA DE EJERCICIOS\7° GIFs DE ENTRENAMIENTO FUNCIONAL Y HIIT\Extensão de Tríceps com Faixa Elástica.gif
extension-of-triceps-with-bands-elastic,Extension of triceps with bands elastic,functional_hiit,,high,no,Functional / HIIT,Extensão de Tríceps com Faixas Elásticas.gif,,C:\Users\ADMIN\Desktop\gif exercises\BIBLIOTECA DE EJERCICIOS\7° GIFs DE ENTRENAMIENTO FUNCIONAL Y HIIT\Extensão de Tríceps com Faixas Elásticas.gif
flexion-cobra,Flexion cobra,functional_hiit,,high,no,Functional / HIIT,Flexão cobra.gif,,C:\Users\ADMIN\Desktop\gif exercises\BIBLIOTECA DE EJERCICIOS\7° GIFs DE ENTRENAMIENTO FUNCIONAL Y HIIT\Flexão cobra.gif
flexion-with-rotation,Flexion with rotation,functional_hiit,,high,no,Functional / HIIT,Flexão com Rotação.gif,,C:\Users\ADMIN\Desktop\gif exercises\BIBLIOTECA DE EJERCICIOS\7° GIFs DE ENTRENAMIENTO FUNCIONAL Y HIIT\Flexão com Rotação.gif
push-up-with-ball-of-stability,Push-up with ball of stability,functional_hiit,,high,yes,Functional / HIIT,Flexão de Braço com Bola de Estabilidade.gif,,C:\Users\ADMIN\Desktop\gif exercises\BIBLIOTECA DE EJERCICIOS\7° GIFs DE ENTRENAMIENTO FUNCIONAL Y HIIT\Flexão de Braço com Bola de Estabilidade.gif
push-up-with-ball-medicine-with-support-in-one-arm,Push-up with ball medicine with support in one arm,functional_hiit,,high,yes,Functional / HIIT,Flexão de Braço com Bola Medicinal com Apoio em Um Braço.gif,,C:\Users\ADMIN\Desktop\gif exercises\BIBLIOTECA DE EJERCICIOS\7° GIFs DE ENTRENAMIENTO FUNCIONAL Y HIIT\Flexão de Braço com Bola Medicinal com Apoio em Um Braço.gif
push-up-with-one-leg,Push-up with one leg,functional_hiit,,high,yes,Functional / HIIT,Flexão de Braço com Uma Perna.gif,,C:\Users\ADMIN\Desktop\gif exercises\BIBLIOTECA DE EJERCICIOS\7° GIFs DE ENTRENAMIENTO FUNCIONAL Y HIIT\Flexão de Braço com Uma Perna.gif
push-up-decline-with-ball-of-stability,Push-up decline with ball of stability,functional_hiit,,high,yes,Functional / HIIT,Flexão de Braço Declinada com Bola de Estabilidade.gif,,C:\Users\ADMIN\Desktop\gif exercises\BIBLIOTECA DE EJERCICIOS\7° GIFs DE ENTRENAMIENTO FUNCIONAL Y HIIT\Flexão de Braço Declinada com Bola de Estabilidade.gif
push-up-against-wall-with-close-grip,Push-up against wall with close grip,functional_hiit,,high,yes,Functional / HIIT,Flexão de Braço na Parede com Pegada Fechada.gif,,C:\Users\ADMIN\Desktop\gif exercises\BIBLIOTECA DE EJERCICIOS\7° GIFs DE ENTRENAMIENTO FUNCIONAL Y HIIT\Flexão de Braço na Parede com Pegada Fechada.gif
push-up-on-bosu,Push-up on bosu,functional_hiit,,high,no,Functional / HIIT,Flexão de Braço no Bosu.gif,,C:\Users\ADMIN\Desktop\gif exercises\BIBLIOTECA DE EJERCICIOS\7° GIFs DE ENTRENAMIENTO FUNCIONAL Y HIIT\Flexão de Braço no Bosu.gif
flexion-of-arms-with-support-of-the-knees-closed,Flexion of arms with support of the knees closed,functional_hiit,,high,yes,Functional / HIIT,Flexão de Braços com Apoio dos Joelhos Fechada.gif,,C:\Users\ADMIN\Desktop\gif exercises\BIBLIOTECA DE EJERCICIOS\7° GIFs DE ENTRENAMIENTO FUNCIONAL Y HIIT\Flexão de Braços com Apoio dos Joelhos Fechada.gif
flexion-of-knees,Flexion of knees,functional_hiit,,high,yes,Functional / HIIT,Flexão de joelhos.gif,,C:\Users\ADMIN\Desktop\gif exercises\BIBLIOTECA DE EJERCICIOS\7° GIFs DE ENTRENAMIENTO FUNCIONAL Y HIIT\Flexão de joelhos.gif
flexion-of-shoulder-with-band,Flexion of shoulder with band,functional_hiit,,high,no,Functional / HIIT,Flexão de ombro com faixa.gif,,C:\Users\ADMIN\Desktop\gif exercises\BIBLIOTECA DE EJERCICIOS\7° GIFs DE ENTRENAMIENTO FUNCIONAL Y HIIT\Flexão de ombro com faixa.gif
flexion-of-wall,Flexion of wall,functional_hiit,,high,yes,Functional / HIIT,Flexão de Parede.gif,,C:\Users\ADMIN\Desktop\gif exercises\BIBLIOTECA DE EJERCICIOS\7° GIFs DE ENTRENAMIENTO FUNCIONAL Y HIIT\Flexão de Parede.gif
leg-curl-with-dumbbells-in-lying-lat,Leg curl with dumbbells in lying lat,functional_hiit,,high,yes,Functional / HIIT,Flexão de Perna com Halteres em Decúbito Dorsal.gif,,C:\Users\ADMIN\Desktop\gif exercises\BIBLIOTECA DE EJERCICIOS\7° GIFs DE ENTRENAMIENTO FUNCIONAL Y HIIT\Flexão de Perna com Halteres em Decúbito Dorsal.gif
flexion-of-legs-with-resistance-band,Flexion of legs with resistance band,functional_hiit,,high,no,Functional / HIIT,Flexão de Pernas com Faixa Elástica.gif,,C:\Users\ADMIN\Desktop\gif exercises\BIBLIOTECA DE EJERCICIOS\7° GIFs DE ENTRENAMIENTO FUNCIONAL Y HIIT\Flexão de Pernas com Faixa Elástica.gif
flexion-of-legs-with-towel,Flexion of legs with towel,functional_hiit,,high,yes,Functional / HIIT,Flexão de pernas com toalha.gif,,C:\Users\ADMIN\Desktop\gif exercises\BIBLIOTECA DE EJERCICIOS\7° GIFs DE ENTRENAMIENTO FUNCIONAL Y HIIT\Flexão de pernas com toalha.gif
flexion-of-legs-lying-with-resistance-band,Flexion of legs lying with resistance band,functional_hiit,,high,no,Functional / HIIT,Flexão de Pernas deitado com Faixa Elástica.gif,,C:\Users\ADMIN\Desktop\gif exercises\BIBLIOTECA DE EJERCICIOS\7° GIFs DE ENTRENAMIENTO FUNCIONAL Y HIIT\Flexão de Pernas deitado com Faixa Elástica.gif
flexion-of-legs-on-ball-of-stability,Flexion of legs on ball of stability,functional_hiit,,high,no,Functional / HIIT,Flexão de Pernas na Bola de Estabilidade.gif,,C:\Users\ADMIN\Desktop\gif exercises\BIBLIOTECA DE EJERCICIOS\7° GIFs DE ENTRENAMIENTO FUNCIONAL Y HIIT\Flexão de Pernas na Bola de Estabilidade.gif
flexion-hindu-modified,Flexion hindu modified,functional_hiit,,high,yes,Functional / HIIT,Flexão hindu modificada.gif,,C:\Users\ADMIN\Desktop\gif exercises\BIBLIOTECA DE EJERCICIOS\7° GIFs DE ENTRENAMIENTO FUNCIONAL Y HIIT\Flexão hindu modificada.gif
flexion,Flexion,functional_hiit,,high,yes,Functional / HIIT,Flexão.gif,,C:\Users\ADMIN\Desktop\gif exercises\BIBLIOTECA DE EJERCICIOS\7° GIFs DE ENTRENAMIENTO FUNCIONAL Y HIIT\Flexão.gif
hook-of-right,Hook of right,functional_hiit,,high,no,Functional / HIIT,Gancho de Direita.gif,,C:\Users\ADMIN\Desktop\gif exercises\BIBLIOTECA DE EJERCICIOS\7° GIFs DE ENTRENAMIENTO FUNCIONAL Y HIIT\Gancho de Direita.gif
glute-kickback-with-gymstick,Glute kickback with gymstick,functional_hiit,,high,no,Functional / HIIT,Glúteo Coice com Gymstick.gif,,C:\Users\ADMIN\Desktop\gif exercises\BIBLIOTECA DE EJERCICIOS\7° GIFs DE ENTRENAMIENTO FUNCIONAL Y HIIT\Glúteo Coice com Gymstick.gif
glute-kickback-with-legs-bent-with-band,Glute kickback with legs bent with band,functional_hiit,,high,no,Functional / HIIT,Glúteo Coice com Pernas Flexionada com Faixa.gif,,C:\Users\ADMIN\Desktop\gif exercises\BIBLIOTECA DE EJERCICIOS\7° GIFs DE ENTRENAMIENTO FUNCIONAL Y HIIT\Glúteo Coice com Pernas Flexionada com Faixa.gif
glute-kickback-standing-with-resistance-band,Glute kickback standing with resistance band,functional_hiit,,high,no,Functional / HIIT,Glúteo Coice em Pé com Faixa Elástica.gif,,C:\Users\ADMIN\Desktop\gif exercises\BIBLIOTECA DE EJERCICIOS\7° GIFs DE ENTRENAMIENTO FUNCIONAL Y HIIT\Glúteo Coice em Pé com Faixa Elástica.gif
glutes-kickback-with-resistance-band,Glutes kickback with resistance band,functional_hiit,,high,no,Functional / HIIT,Glúteos Coice com Faixa Elástica.gif,,C:\Users\ADMIN\Desktop\gif exercises\BIBLIOTECA DE EJERCICIOS\7° GIFs DE ENTRENAMIENTO FUNCIONAL Y HIIT\Glúteos Coice com Faixa Elástica.gif
hyperextension-reverse-with-band-of-resistance,Hyperextension reverse with band of resistance,functional_hiit,,high,no,Functional / HIIT,Hiperextensão Reversa com Faixa de Resistência.gif,,C:\Users\ADMIN\Desktop\gif exercises\BIBLIOTECA DE EJERCICIOS\7° GIFs DE ENTRENAMIENTO FUNCIONAL Y HIIT\Hiperextensão Reversa com Faixa de Resistência.gif
incline-pelvic,Incline pelvic,functional_hiit,,high,no,Functional / HIIT,Inclinação Pélvica.gif,,C:\Users\ADMIN\Desktop\gif exercises\BIBLIOTECA DE EJERCICIOS\7° GIFs DE ENTRENAMIENTO FUNCIONAL Y HIIT\Inclinação Pélvica.gif
knees-high-against-wall,Knees high against wall,functional_hiit,,high,no,Functional / HIIT,Joelhos altos contra a parede.gif,,C:\Users\ADMIN\Desktop\gif exercises\BIBLIOTECA DE EJERCICIOS\7° GIFs DE ENTRENAMIENTO FUNCIONAL Y HIIT\Joelhos altos contra a parede.gif
throw-of-ball-medicine-lying,Throw of ball medicine lying,functional_hiit,,high,no,Functional / HIIT,Lançamento de Bola Medicinal deitado.gif,,C:\Users\ADMIN\Desktop\gif exercises\BIBLIOTECA DE EJERCICIOS\7° GIFs DE ENTRENAMIENTO FUNCIONAL Y HIIT\Lançamento de Bola Medicinal deitado.gif
throw-of-ball-medicine,Throw of ball medicine,functional_hiit,,high,no,Functional / HIIT,Lançamento de bola medicinal.gif,,C:\Users\ADMIN\Desktop\gif exercises\BIBLIOTECA DE EJERCICIOS\7° GIFs DE ENTRENAMIENTO FUNCIONAL Y HIIT\Lançamento de bola medicinal.gif
leg-press-alternating-lying-with-gymstick,Leg press alternating lying with gymstick,functional_hiit,,high,no,Functional / HIIT,Leg Press Alternado Deitado com Gymstick.gif,,C:\Users\ADMIN\Desktop\gif exercises\BIBLIOTECA DE EJERCICIOS\7° GIFs DE ENTRENAMIENTO FUNCIONAL Y HIIT\Leg Press Alternado Deitado com Gymstick.gif
raise-lateral-of-leg-in-four-supports,Raise lateral of leg in four supports,functional_hiit,,high,no,Functional / HIIT,Levantamento Lateral de Perna em Quatro Apoios.gif,,C:\Users\ADMIN\Desktop\gif exercises\BIBLIOTECA DE EJERCICIOS\7° GIFs DE ENTRENAMIENTO FUNCIONAL Y HIIT\Levantamento Lateral de Perna em Quatro Apoios.gif
deadlift-unilateral,Deadlift unilateral,functional_hiit,,high,yes,Functional / HIIT,Levantamento Terra Unilateral.gif,,C:\Users\ADMIN\Desktop\gif exercises\BIBLIOTECA DE EJERCICIOS\7° GIFs DE ENTRENAMIENTO FUNCIONAL Y HIIT\Levantamento Terra Unilateral.gif
medicine-ball-rotational-throw,Medicine ball rotational throw,functional_hiit,,high,no,Functional / HIIT,Medicine Ball Rotational Throw.gif,,C:\Users\ADMIN\Desktop\gif exercises\BIBLIOTECA DE EJERCICIOS\7° GIFs DE ENTRENAMIENTO FUNCIONAL Y HIIT\Medicine Ball Rotational Throw.gif
dip-reverse,Dip reverse,functional_hiit,,high,no,Functional / HIIT,Mergulho reverso.gif,,C:\Users\ADMIN\Desktop\gif exercises\BIBLIOTECA DE EJERCICIOS\7° GIFs DE ENTRENAMIENTO FUNCIONAL Y HIIT\Mergulho reverso.gif
inchworm,Inchworm,functional_hiit,,high,no,Functional / HIIT,Minhoca.gif,,C:\Users\ADMIN\Desktop\gif exercises\BIBLIOTECA DE EJERCICIOS\7° GIFs DE ENTRENAMIENTO FUNCIONAL Y HIIT\Minhoca.gif
ship-seal-burpee,Ship seal burpee,functional_hiit,,high,no,Functional / HIIT,Nave Seal Burpee.gif,,C:\Users\ADMIN\Desktop\gif exercises\BIBLIOTECA DE EJERCICIOS\7° GIFs DE ENTRENAMIENTO FUNCIONAL Y HIIT\Nave Seal Burpee.gif
passage-of-ball-medicine-of-chest-standing,Passage of ball medicine of chest standing,functional_hiit,,high,no,Functional / HIIT,Passagem de Bola Medicinal de Peito em Pé.gif,,C:\Users\ADMIN\Desktop\gif exercises\BIBLIOTECA DE EJERCICIOS\7° GIFs DE ENTRENAMIENTO FUNCIONAL Y HIIT\Passagem de Bola Medicinal de Peito em Pé.gif
step-of-ski,Step of ski,functional_hiit,,high,no,Functional / HIIT,Passo de Esqui.gif,,C:\Users\ADMIN\Desktop\gif exercises\BIBLIOTECA DE EJERCICIOS\7° GIFs DE ENTRENAMIENTO FUNCIONAL Y HIIT\Passo de Esqui.gif
step-reversed-with-raise-of-the-knee,Step reversed with raise of the knee,functional_hiit,,high,no,Functional / HIIT,Passo Invertido com Elevação do Joelho.gif,,C:\Users\ADMIN\Desktop\gif exercises\BIBLIOTECA DE EJERCICIOS\7° GIFs DE ENTRENAMIENTO FUNCIONAL Y HIIT\Passo Invertido com Elevação do Joelho.gif
step-lateral-in-high-speed,Step lateral in high speed,functional_hiit,,high,no,Functional / HIIT,Passo Lateral em Alta Velocidade.gif,,C:\Users\ADMIN\Desktop\gif exercises\BIBLIOTECA DE EJERCICIOS\7° GIFs DE ENTRENAMIENTO FUNCIONAL Y HIIT\Passo Lateral em Alta Velocidade.gif
skater,Skater,functional_hiit,,high,no,Functional / HIIT,Patinador.gif,,C:\Users\ADMIN\Desktop\gif exercises\BIBLIOTECA DE EJERCICIOS\7° GIFs DE ENTRENAMIENTO FUNCIONAL Y HIIT\Patinador.gif
jumping-jack-front,Jumping jack front,functional_hiit,,high,no,Functional / HIIT,Polichinelo Frontal.gif,,C:\Users\ADMIN\Desktop\gif exercises\BIBLIOTECA DE EJERCICIOS\7° GIFs DE ENTRENAMIENTO FUNCIONAL Y HIIT\Polichinelo Frontal.gif
jumping-jacks,Jumping jacks,functional_hiit,,high,no,Functional / HIIT,Polichinelos.gif,,C:\Users\ADMIN\Desktop\gif exercises\BIBLIOTECA DE EJERCICIOS\7° GIFs DE ENTRENAMIENTO FUNCIONAL Y HIIT\Polichinelos.gif
bridge-with-resistance-band,Bridge with resistance band,functional_hiit,,high,no,Functional / HIIT,Ponte com Faixa Elástica.gif,,C:\Users\ADMIN\Desktop\gif exercises\BIBLIOTECA DE EJERCICIOS\7° GIFs DE ENTRENAMIENTO FUNCIONAL Y HIIT\Ponte com Faixa Elástica.gif
bridge-of-glutes,Bridge of glutes,functional_hiit,,high,no,Functional / HIIT,Ponte de Glúteos.gif,,C:\Users\ADMIN\Desktop\gif exercises\BIBLIOTECA DE EJERCICIOS\7° GIFs DE ENTRENAMIENTO FUNCIONAL Y HIIT\Ponte de Glúteos.gif
bridge-in-unilateral,Bridge in unilateral,functional_hiit,,high,yes,Functional / HIIT,Ponte em Unilateral.gif,,C:\Users\ADMIN\Desktop\gif exercises\BIBLIOTECA DE EJERCICIOS\7° GIFs DE ENTRENAMIENTO FUNCIONAL Y HIIT\Ponte em Unilateral.gif
bridge-unilateral-with-one-leg-raised,Bridge unilateral with one leg raised,functional_hiit,,high,no,Functional / HIIT,Ponte Unilateral Com Uma Perna Levantada.gif,,C:\Users\ADMIN\Desktop\gif exercises\BIBLIOTECA DE EJERCICIOS\7° GIFs DE ENTRENAMIENTO FUNCIONAL Y HIIT\Ponte Unilateral Com Uma Perna Levantada.gif
bridge-unilateral-on-bench,Bridge unilateral on bench,functional_hiit,,high,no,Functional / HIIT,Ponte Unilateral no Banco.gif,,C:\Users\ADMIN\Desktop\gif exercises\BIBLIOTECA DE EJERCICIOS\7° GIFs DE ENTRENAMIENTO FUNCIONAL Y HIIT\Ponte Unilateral no Banco.gif
jump-rope,Jump rope,functional_hiit,,high,no,Functional / HIIT,Pular Corda.gif,,C:\Users\ADMIN\Desktop\gif exercises\BIBLIOTECA DE EJERCICIOS\7° GIFs DE ENTRENAMIENTO FUNCIONAL Y HIIT\Pular Corda.gif
jumps-with-opening-of-legs,Jumps with opening of legs,functional_hiit,,high,no,Functional / HIIT,Pulos com Abertura de Pernas.gif,,C:\Users\ADMIN\Desktop\gif exercises\BIBLIOTECA DE EJERCICIOS\7° GIFs DE ENTRENAMIENTO FUNCIONAL Y HIIT\Pulos com Abertura de Pernas.gif
jumps-of-raised-knee,Jumps of raised knee,functional_hiit,,high,no,Functional / HIIT,Pulos de Joelho Elevado.gif,,C:\Users\ADMIN\Desktop\gif exercises\BIBLIOTECA DE EJERCICIOS\7° GIFs DE ENTRENAMIENTO FUNCIONAL Y HIIT\Pulos de Joelho Elevado.gif
pulldown-kneeling-with-band-of-resistance,Pulldown kneeling with band of resistance,functional_hiit,,high,no,Functional / HIIT,Puxada ajoelhada com banda de resistência.gif,,C:\Users\ADMIN\Desktop\gif exercises\BIBLIOTECA DE EJERCICIOS\7° GIFs DE ENTRENAMIENTO FUNCIONAL Y HIIT\Puxada ajoelhada com banda de resistência.gif
pulldown-with-resistance-band,Pulldown with resistance band,functional_hiit,,high,no,Functional / HIIT,Puxada com Faixa Elástica.gif,,C:\Users\ADMIN\Desktop\gif exercises\BIBLIOTECA DE EJERCICIOS\7° GIFs DE ENTRENAMIENTO FUNCIONAL Y HIIT\Puxada com Faixa Elástica.gif
pull-with-resistance-band,Pull with resistance band,functional_hiit,,high,no,Functional / HIIT,Puxar com Faixa Elástica.gif,,C:\Users\ADMIN\Desktop\gif exercises\BIBLIOTECA DE EJERCICIOS\7° GIFs DE ENTRENAMIENTO FUNCIONAL Y HIIT\Puxar com Faixa Elástica.gif
quadruped-with-raise-of-arm-and-leg-contralateral,Quadruped with raise of arm and leg contralateral,functional_hiit,,high,no,Functional / HIIT,Quadrúpede com elevação de braço e perna contralateral.gif,,C:\Users\ADMIN\Desktop\gif exercises\BIBLIOTECA DE EJERCICIOS\7° GIFs DE ENTRENAMIENTO FUNCIONAL Y HIIT\Quadrúpede com elevação de braço e perna contralateral.gif
crawl-of-bear,Crawl of bear,functional_hiit,,high,no,Functional / HIIT,Rastejo de Urso.gif,,C:\Users\ADMIN\Desktop\gif exercises\BIBLIOTECA DE EJERCICIOS\7° GIFs DE ENTRENAMIENTO FUNCIONAL Y HIIT\Rastejo de Urso.gif
row-apart-with-band-of-resistance,Row apart with band of resistance,functional_hiit,,high,no,Functional / HIIT,Remada afastada com banda de resistência.gif,,C:\Users\ADMIN\Desktop\gif exercises\BIBLIOTECA DE EJERCICIOS\7° GIFs DE ENTRENAMIENTO FUNCIONAL Y HIIT\Remada afastada com banda de resistência.gif
row-with-band-of-resistance-bent-over-for-deltoids-posterior,Row with band of resistance bent-over for deltoids posterior,functional_hiit,,high,no,Functional / HIIT,Remada com banda de resistência curvada para deltoides posterior.gif,,C:\Users\ADMIN\Desktop\gif exercises\BIBLIOTECA DE EJERCICIOS\7° GIFs DE ENTRENAMIENTO FUNCIONAL Y HIIT\Remada com banda de resistência curvada para deltoides posterior.gif
row-seated-with-band,Row seated with band,functional_hiit,,high,no,Functional / HIIT,Remada sentada com faixa.gif,,C:\Users\ADMIN\Desktop\gif exercises\BIBLIOTECA DE EJERCICIOS\7° GIFs DE ENTRENAMIENTO FUNCIONAL Y HIIT\Remada sentada com faixa.gif
single-arm-row-with-gymstick,Single-arm row with gymstick,functional_hiit,,high,no,Functional / HIIT,Remada unilateral com gymstick.gif,,C:\Users\ADMIN\Desktop\gif exercises\BIBLIOTECA DE EJERCICIOS\7° GIFs DE ENTRENAMIENTO FUNCIONAL Y HIIT\Remada unilateral com gymstick.gif
roll-on-ball-swiss,Roll on ball swiss,functional_hiit,,high,no,Functional / HIIT,Rolamento na bola suíça.gif,,C:\Users\ADMIN\Desktop\gif exercises\BIBLIOTECA DE EJERCICIOS\7° GIFs DE ENTRENAMIENTO FUNCIONAL Y HIIT\Rolamento na bola suíça.gif
curl-biceps-with-resistance-band,Curl biceps with resistance band,functional_hiit,,high,no,Functional / HIIT,Rosca bíceps com faixa elástica.gif,,C:\Users\ADMIN\Desktop\gif exercises\BIBLIOTECA DE EJERCICIOS\7° GIFs DE ENTRENAMIENTO FUNCIONAL Y HIIT\Rosca bíceps com faixa elástica.gif
curl-of-biceps-unilateral-with-band-of-resistance,Curl of biceps unilateral with band of resistance,functional_hiit,,high,no,Functional / HIIT,Rosca de bíceps unilateral com faixa de resistência.gif,,C:\Users\ADMIN\Desktop\gif exercises\BIBLIOTECA DE EJERCICIOS\7° GIFs DE ENTRENAMIENTO FUNCIONAL Y HIIT\Rosca de bíceps unilateral com faixa de resistência.gif
hammer-curl-with-band-of-resistance,Hammer curl with band of resistance,functional_hiit,,high,no,Functional / HIIT,Rosca martelo com faixa de resistência.gif,,C:\Users\ADMIN\Desktop\gif exercises\BIBLIOTECA DE EJERCICIOS\7° GIFs DE ENTRENAMIENTO FUNCIONAL Y HIIT\Rosca martelo com faixa de resistência.gif
hammer-curl-with-bottle-of-water,Hammer curl with bottle of water,functional_hiit,,high,no,Functional / HIIT,Rosca martelo com garrafa de água.gif,,C:\Users\ADMIN\Desktop\gif exercises\BIBLIOTECA DE EJERCICIOS\7° GIFs DE ENTRENAMIENTO FUNCIONAL Y HIIT\Rosca martelo com garrafa de água.gif
jump-with-dumbbells-split,Jump with dumbbells split,functional_hiit,,high,no,Functional / HIIT,Salto com halteres dividido.gif,,C:\Users\ADMIN\Desktop\gif exercises\BIBLIOTECA DE EJERCICIOS\7° GIFs DE ENTRENAMIENTO FUNCIONAL Y HIIT\Salto com halteres dividido.gif
jump-with-knees-bent,Jump with knees bent,functional_hiit,,high,no,Functional / HIIT,Salto com Joelhos Flexionados.gif,,C:\Users\ADMIN\Desktop\gif exercises\BIBLIOTECA DE EJERCICIOS\7° GIFs DE ENTRENAMIENTO FUNCIONAL Y HIIT\Salto com Joelhos Flexionados.gif
jump-in-squat-with-knees-bent,Jump in squat with knees bent,functional_hiit,,high,no,Functional / HIIT,Salto em Agachamento com Joelhos Flexionados.gif,,C:\Users\ADMIN\Desktop\gif exercises\BIBLIOTECA DE EJERCICIOS\7° GIFs DE ENTRENAMIENTO FUNCIONAL Y HIIT\Salto em Agachamento com Joelhos Flexionados.gif
jump-in-distance,Jump in distance,functional_hiit,,high,yes,Functional / HIIT,Salto em Distância.gif,,C:\Users\ADMIN\Desktop\gif exercises\BIBLIOTECA DE EJERCICIOS\7° GIFs DE ENTRENAMIENTO FUNCIONAL Y HIIT\Salto em Distância.gif
jump-in-one-leg-for-front,Jump in one leg for front,functional_hiit,,high,no,Functional / HIIT,Salto em Uma Perna para a Frente.gif,,C:\Users\ADMIN\Desktop\gif exercises\BIBLIOTECA DE EJERCICIOS\7° GIFs DE ENTRENAMIENTO FUNCIONAL Y HIIT\Salto em Uma Perna para a Frente.gif
jump-on-box-for-squat-pistola,Jump on box for squat pistola,functional_hiit,,high,yes,Functional / HIIT,Salto na Caixa para Agachamento Pistola.gif,,C:\Users\ADMIN\Desktop\gif exercises\BIBLIOTECA DE EJERCICIOS\7° GIFs DE ENTRENAMIENTO FUNCIONAL Y HIIT\Salto na Caixa para Agachamento Pistola.gif
jump-on-box,Jump on box,functional_hiit,,high,no,Functional / HIIT,Salto na Caixa.gif,,C:\Users\ADMIN\Desktop\gif exercises\BIBLIOTECA DE EJERCICIOS\7° GIFs DE ENTRENAMIENTO FUNCIONAL Y HIIT\Salto na Caixa.gif
jump-for-box-2-for-1,Jump for box 2 for 1,functional_hiit,,high,yes,Functional / HIIT,Salto para Caixa 2 para 1.gif,,C:\Users\ADMIN\Desktop\gif exercises\BIBLIOTECA DE EJERCICIOS\7° GIFs DE ENTRENAMIENTO FUNCIONAL Y HIIT\Salto para Caixa 2 para 1.gif
jump-for-behind,Jump for behind,functional_hiit,,high,no,Functional / HIIT,Salto para Trás.gif,,C:\Users\ADMIN\Desktop\gif exercises\BIBLIOTECA DE EJERCICIOS\7° GIFs DE ENTRENAMIENTO FUNCIONAL Y HIIT\Salto para Trás.gif
jumps-with-knees-high,Jumps with knees high,functional_hiit,,high,no,Functional / HIIT,Saltos com Joelhos Altos.gif,,C:\Users\ADMIN\Desktop\gif exercises\BIBLIOTECA DE EJERCICIOS\7° GIFs DE ENTRENAMIENTO FUNCIONAL Y HIIT\Saltos com Joelhos Altos.gif
jumps-of-spread,Jumps of spread,functional_hiit,,high,no,Functional / HIIT,Saltos de afastamento.gif,,C:\Users\ADMIN\Desktop\gif exercises\BIBLIOTECA DE EJERCICIOS\7° GIFs DE ENTRENAMIENTO FUNCIONAL Y HIIT\Saltos de afastamento.gif
jumps-in-scissor,Jumps in scissor,functional_hiit,,high,no,Functional / HIIT,Saltos em tesoura.gif,,C:\Users\ADMIN\Desktop\gif exercises\BIBLIOTECA DE EJERCICIOS\7° GIFs DE ENTRENAMIENTO FUNCIONAL Y HIIT\Saltos em tesoura.gif
jumps-plyometric-in-zigzag,Jumps plyometric in zigzag,functional_hiit,,high,no,Functional / HIIT,Saltos Pliométricos em Zigue-Zague.gif,,C:\Users\ADMIN\Desktop\gif exercises\BIBLIOTECA DE EJERCICIOS\7° GIFs DE ENTRENAMIENTO FUNCIONAL Y HIIT\Saltos Pliométricos em Zigue-Zague.gif
jumps-powerful,Jumps powerful,functional_hiit,,high,no,Functional / HIIT,Saltos Potentes.gif,,C:\Users\ADMIN\Desktop\gif exercises\BIBLIOTECA DE EJERCICIOS\7° GIFs DE ENTRENAMIENTO FUNCIONAL Y HIIT\Saltos Potentes.gif
snap-jumps,Snap jumps,functional_hiit,,high,no,Functional / HIIT,Snap Jumps.gif,,C:\Users\ADMIN\Desktop\gif exercises\BIBLIOTECA DE EJERCICIOS\7° GIFs DE ENTRENAMIENTO FUNCIONAL Y HIIT\Snap Jumps.gif
punch-direct-of-right,Punch direct of right,functional_hiit,,high,no,Functional / HIIT,Soco direto de direita.gif,,C:\Users\ADMIN\Desktop\gif exercises\BIBLIOTECA DE EJERCICIOS\7° GIFs DE ENTRENAMIENTO FUNCIONAL Y HIIT\Soco direto de direita.gif
punches,Punches,functional_hiit,,high,no,Functional / HIIT,Socos.gif,,C:\Users\ADMIN\Desktop\gif exercises\BIBLIOTECA DE EJERCICIOS\7° GIFs DE ENTRENAMIENTO FUNCIONAL Y HIIT\Socos.gif
step-with-elastic,Step with elastic,functional_hiit,,high,no,Functional / HIIT,Step com elástico.gif,,C:\Users\ADMIN\Desktop\gif exercises\BIBLIOTECA DE EJERCICIOS\7° GIFs DE ENTRENAMIENTO FUNCIONAL Y HIIT\Step com elástico.gif
stiff-leg-with-elastic-of-resistance,Stiff-leg with elastic of resistance,functional_hiit,,high,no,Functional / HIIT,Stiff com Elástico de Resistência.gif,,C:\Users\ADMIN\Desktop\gif exercises\BIBLIOTECA DE EJERCICIOS\7° GIFs DE ENTRENAMIENTO FUNCIONAL Y HIIT\Stiff com Elástico de Resistência.gif
climb-on-step-with-raise-of-knees,Climb on step with raise of knees,functional_hiit,,high,no,Functional / HIIT,Subida no Step com Elevação de Joelhos.gif,,C:\Users\ADMIN\Desktop\gif exercises\BIBLIOTECA DE EJERCICIOS\7° GIFs DE ENTRENAMIENTO FUNCIONAL Y HIIT\Subida no Step com Elevação de Joelhos.gif
superman,Superman,functional_hiit,,high,no,Functional / HIIT,Superman.gif,,C:\Users\ADMIN\Desktop\gif exercises\BIBLIOTECA DE EJERCICIOS\7° GIFs DE ENTRENAMIENTO FUNCIONAL Y HIIT\Superman.gif
bench-press-standing-with-resistance-band,Bench press standing with resistance band,functional_hiit,,high,no,Functional / HIIT,Supino em Pé com Faixa Elástica.gif,,C:\Users\ADMIN\Desktop\gif exercises\BIBLIOTECA DE EJERCICIOS\7° GIFs DE ENTRENAMIENTO FUNCIONAL Y HIIT\Supino em Pé com Faixa Elástica.gif
swimming,Swimming,functional_hiit,,high,no,Functional / HIIT,Swimming.gif,,C:\Users\ADMIN\Desktop\gif exercises\BIBLIOTECA DE EJERCICIOS\7° GIFs DE ENTRENAMIENTO FUNCIONAL Y HIIT\Swimming.gif
scissor-of-arms,Scissor of arms,functional_hiit,,high,no,Functional / HIIT,Tesoura de Braços.gif,,C:\Users\ADMIN\Desktop\gif exercises\BIBLIOTECA DE EJERCICIOS\7° GIFs DE ENTRENAMIENTO FUNCIONAL Y HIIT\Tesoura de Braços.gif
twists-of-the-elbow-for-knee,Twists of the elbow for knee,functional_hiit,,high,no,Functional / HIIT,Torções do Cotovelo para o Joelho.gif,,C:\Users\ADMIN\Desktop\gif exercises\BIBLIOTECA DE EJERCICIOS\7° GIFs DE ENTRENAMIENTO FUNCIONAL Y HIIT\Torções do Cotovelo para o Joelho.gif
pull-lateral-with-elastic,Pull lateral with elastic,functional_hiit,,high,no,Functional / HIIT,Tração lateral com elástico.gif,,C:\Users\ADMIN\Desktop\gif exercises\BIBLIOTECA DE EJERCICIOS\7° GIFs DE ENTRENAMIENTO FUNCIONAL Y HIIT\Tração lateral com elástico.gif
triceps-french-with-resistance-band-overhead-of-the-head,Triceps french with resistance band overhead of the head,functional_hiit,,high,no,Functional / HIIT,Tríceps Francês com Faixa Elástica Acima da Cabeça.gif,,C:\Users\ADMIN\Desktop\gif exercises\BIBLIOTECA DE EJERCICIOS\7° GIFs DE ENTRENAMIENTO FUNCIONAL Y HIIT\Tríceps Francês com Faixa Elástica Acima da Cabeça.gif
triceps-french-standing-with-gymstick,Triceps french standing with gymstick,functional_hiit,,high,no,Functional / HIIT,Tríceps Francês em Pé com Gymstick.gif,,C:\Users\ADMIN\Desktop\gif exercises\BIBLIOTECA DE EJERCICIOS\7° GIFs DE ENTRENAMIENTO FUNCIONAL Y HIIT\Tríceps Francês em Pé com Gymstick.gif
triceps-forehead-with-resistance-band,Triceps forehead with resistance band,functional_hiit,,high,no,Functional / HIIT,Tríceps Testa com Faixa Elástica.gif,,C:\Users\ADMIN\Desktop\gif exercises\BIBLIOTECA DE EJERCICIOS\7° GIFs DE ENTRENAMIENTO FUNCIONAL Y HIIT\Tríceps Testa com Faixa Elástica.gif
v-up-with-ball-of-stability,V up with ball of stability,functional_hiit,,high,no,Functional / HIIT,V-Up com Bola de Estabilidade.gif,,C:\Users\ADMIN\Desktop\gif exercises\BIBLIOTECA DE EJERCICIOS\7° GIFs DE ENTRENAMIENTO FUNCIONAL Y HIIT\V-Up com Bola de Estabilidade.gif
wall-sit-with-incline-of-trunk,Wall sit with incline of trunk,functional_hiit,,high,no,Functional / HIIT,Wall Sit com Inclinação de Tronco.gif,,C:\Users\ADMIN\Desktop\gif exercises\BIBLIOTECA DE EJERCICIOS\7° GIFs DE ENTRENAMIENTO FUNCIONAL Y HIIT\Wall Sit com Inclinação de Tronco.gif
wall-sit,Wall sit,functional_hiit,,high,no,Functional / HIIT,Wall Sit.gif,,C:\Users\ADMIN\Desktop\gif exercises\BIBLIOTECA DE EJERCICIOS\7° GIFs DE ENTRENAMIENTO FUNCIONAL Y HIIT\Wall Sit.gif
hugs-on-knees-standing,Hugs on knees standing,stretching_mobility,,high,no,Stretching / Mobility,Abraços nos Joelhos em Pé.gif,,C:\Users\ADMIN\Desktop\gif exercises\BIBLIOTECA DE EJERCICIOS\8° MANUAL DE ESTIRAMIENTO Y MOVILIDAD\GIFs DE ESTIRAMIENTO Y MOVILIDAD\Abraços nos Joelhos em Pé.gif
adduction-of-legs-stretch-of-the-adductor-magnus,Adduction of legs stretch of the adductor magnus,stretching_mobility,,high,no,Stretching / Mobility,adução de pernas (alongamento do adutor maior).gif,,C:\Users\ADMIN\Desktop\gif exercises\BIBLIOTECA DE EJERCICIOS\8° MANUAL DE ESTIRAMIENTO Y MOVILIDAD\GIFs DE ESTIRAMIENTO Y MOVILIDAD\adução de pernas (alongamento do adutor maior).gif
adduction-of-hip-lying-on-side,Adduction of hip lying on side,stretching_mobility,,high,no,Stretching / Mobility,Adução de quadril deitado de lado.gif,,C:\Users\ADMIN\Desktop\gif exercises\BIBLIOTECA DE EJERCICIOS\8° MANUAL DE ESTIRAMIENTO Y MOVILIDAD\GIFs DE ESTIRAMIENTO Y MOVILIDAD\Adução de quadril deitado de lado.gif
stretch-hug-with-taps-on-back,Stretch hug with taps on back,stretching_mobility,,high,no,Stretching / Mobility,Alongamento Abraço com Tapinhas nas Costas.gif,,C:\Users\ADMIN\Desktop\gif exercises\BIBLIOTECA DE EJERCICIOS\8° MANUAL DE ESTIRAMIENTO Y MOVILIDAD\GIFs DE ESTIRAMIENTO Y MOVILIDAD\Alongamento Abraço com Tapinhas nas Costas.gif
stretch-assisted-reverse-chest-and-shoulder,Stretch assisted reverse chest and shoulder,stretching_mobility,,high,no,Stretching / Mobility,Alongamento assistido reverso (peitoral e ombro).gif,,C:\Users\ADMIN\Desktop\gif exercises\BIBLIOTECA DE EJERCICIOS\8° MANUAL DE ESTIRAMIENTO Y MOVILIDAD\GIFs DE ESTIRAMIENTO Y MOVILIDAD\Alongamento assistido reverso (peitoral e ombro).gif
stretch-butterfly,Stretch butterfly,stretching_mobility,,high,no,Stretching / Mobility,Alongamento Borboleta.gif,,C:\Users\ADMIN\Desktop\gif exercises\BIBLIOTECA DE EJERCICIOS\8° MANUAL DE ESTIRAMIENTO Y MOVILIDAD\GIFs DE ESTIRAMIENTO Y MOVILIDAD\Alongamento Borboleta.gif
stretch-with-pvc-on-position-front-rack-position,Stretch with pvc on position front rack position,stretching_mobility,,high,no,Stretching / Mobility,Alongamento com PVC na Posição Frontal de Rack.gif,,C:\Users\ADMIN\Desktop\gif exercises\BIBLIOTECA DE EJERCICIOS\8° MANUAL DE ESTIRAMIENTO Y MOVILIDAD\GIFs DE ESTIRAMIENTO Y MOVILIDAD\Alongamento com PVC na Posição Frontal de Rack.gif
stretch-of-the-sphinx,Stretch of the sphinx,stretching_mobility,,high,no,Stretching / Mobility,Alongamento da Esfinge.gif,,C:\Users\ADMIN\Desktop\gif exercises\BIBLIOTECA DE EJERCICIOS\8° MANUAL DE ESTIRAMIENTO Y MOVILIDAD\GIFs DE ESTIRAMIENTO Y MOVILIDAD\Alongamento da Esfinge.gif
stretch-of-the-calf-squatting,Stretch of the calf squatting,stretching_mobility,,high,no,Stretching / Mobility,Alongamento da panturrilha agachado.gif,,C:\Users\ADMIN\Desktop\gif exercises\BIBLIOTECA DE EJERCICIOS\8° MANUAL DE ESTIRAMIENTO Y MOVILIDAD\GIFs DE ESTIRAMIENTO Y MOVILIDAD\Alongamento da panturrilha agachado.gif
stretch-of-the-calf-with-heel-drop,Stretch of the calf with heel drop,stretching_mobility,,high,no,Stretching / Mobility,Alongamento da panturrilha com descida do calcanhar.gif,,C:\Users\ADMIN\Desktop\gif exercises\BIBLIOTECA DE EJERCICIOS\8° MANUAL DE ESTIRAMIENTO Y MOVILIDAD\GIFs DE ESTIRAMIENTO Y MOVILIDAD\Alongamento da panturrilha com descida do calcanhar.gif
stretch-of-the-upper-back,Stretch of the upper back,stretching_mobility,,high,no,Stretching / Mobility,Alongamento da parte superior das costas.gif,,C:\Users\ADMIN\Desktop\gif exercises\BIBLIOTECA DE EJERCICIOS\8° MANUAL DE ESTIRAMIENTO Y MOVILIDAD\GIFs DE ESTIRAMIENTO Y MOVILIDAD\Alongamento da parte superior das costas.gif
stretch-of-the-back-with-foam-roller,Stretch of the back with foam roller,stretching_mobility,,high,no,Stretching / Mobility,Alongamento das Costas com Rolo de Espuma.gif,,C:\Users\ADMIN\Desktop\gif exercises\BIBLIOTECA DE EJERCICIOS\8° MANUAL DE ESTIRAMIENTO Y MOVILIDAD\GIFs DE ESTIRAMIENTO Y MOVILIDAD\Alongamento das Costas com Rolo de Espuma.gif
stretch-of-adductors-with-legs-apart-standing,Stretch of adductors with legs apart standing,stretching_mobility,,high,no,Stretching / Mobility,Alongamento de Adutores com Pernas Afastadas em Pé.gif,,C:\Users\ADMIN\Desktop\gif exercises\BIBLIOTECA DE EJERCICIOS\8° MANUAL DE ESTIRAMIENTO Y MOVILIDAD\GIFs DE ESTIRAMIENTO Y MOVILIDAD\Alongamento de Adutores com Pernas Afastadas em Pé.gif
stretch-of-glutes-lying,Stretch of glutes lying,stretching_mobility,,high,no,Stretching / Mobility,Alongamento de Glúteos Deitado.gif,,C:\Users\ADMIN\Desktop\gif exercises\BIBLIOTECA DE EJERCICIOS\8° MANUAL DE ESTIRAMIENTO Y MOVILIDAD\GIFs DE ESTIRAMIENTO Y MOVILIDAD\Alongamento de Glúteos Deitado.gif
stretch-of-hamstrings-lying,Stretch of hamstrings lying,stretching_mobility,,high,no,Stretching / Mobility,Alongamento de Isquiotibiais deitado.gif,,C:\Users\ADMIN\Desktop\gif exercises\BIBLIOTECA DE EJERCICIOS\8° MANUAL DE ESTIRAMIENTO Y MOVILIDAD\GIFs DE ESTIRAMIENTO Y MOVILIDAD\Alongamento de Isquiotibiais deitado.gif
stretch-of-hamstrings-standing,Stretch of hamstrings standing,stretching_mobility,,high,no,Stretching / Mobility,Alongamento de Isquiotibiais em Pé.gif,,C:\Users\ADMIN\Desktop\gif exercises\BIBLIOTECA DE EJERCICIOS\8° MANUAL DE ESTIRAMIENTO Y MOVILIDAD\GIFs DE ESTIRAMIENTO Y MOVILIDAD\Alongamento de Isquiotibiais em Pé.gif
stretch-of-shoulder-with-arm-crossed,Stretch of shoulder with arm crossed,stretching_mobility,,high,no,Stretching / Mobility,Alongamento de ombro com o braço cruzado.gif,,C:\Users\ADMIN\Desktop\gif exercises\BIBLIOTECA DE EJERCICIOS\8° MANUAL DE ESTIRAMIENTO Y MOVILIDAD\GIFs DE ESTIRAMIENTO Y MOVILIDAD\Alongamento de ombro com o braço cruzado.gif
stretch-of-reverse-shoulder-standing,Stretch of reverse shoulder standing,stretching_mobility,,high,no,Stretching / Mobility,Alongamento de ombro reverso em pé.gif,,C:\Users\ADMIN\Desktop\gif exercises\BIBLIOTECA DE EJERCICIOS\8° MANUAL DE ESTIRAMIENTO Y MOVILIDAD\GIFs DE ESTIRAMIENTO Y MOVILIDAD\Alongamento de ombro reverso em pé.gif
stretch-of-calf-with-rope,Stretch of calf with rope,stretching_mobility,,high,no,Stretching / Mobility,Alongamento de Panturrilha com Corda.gif,,C:\Users\ADMIN\Desktop\gif exercises\BIBLIOTECA DE EJERCICIOS\8° MANUAL DE ESTIRAMIENTO Y MOVILIDAD\GIFs DE ESTIRAMIENTO Y MOVILIDAD\Alongamento de Panturrilha com Corda.gif
stretch-of-calf-with-one-leg-extended,Stretch of calf with one leg extended,stretching_mobility,,high,no,Stretching / Mobility,Alongamento de panturrilha com uma perna esticada.gif,,C:\Users\ADMIN\Desktop\gif exercises\BIBLIOTECA DE EJERCICIOS\8° MANUAL DE ESTIRAMIENTO Y MOVILIDAD\GIFs DE ESTIRAMIENTO Y MOVILIDAD\Alongamento de panturrilha com uma perna esticada.gif
stretch-of-calf-with-one-leg,Stretch of calf with one leg,stretching_mobility,,high,no,Stretching / Mobility,Alongamento de panturrilha com uma perna.gif,,C:\Users\ADMIN\Desktop\gif exercises\BIBLIOTECA DE EJERCICIOS\8° MANUAL DE ESTIRAMIENTO Y MOVILIDAD\GIFs DE ESTIRAMIENTO Y MOVILIDAD\Alongamento de panturrilha com uma perna.gif
stretch-of-calf-in-step-wide,Stretch of calf in step wide,stretching_mobility,,high,no,Stretching / Mobility,Alongamento de panturrilha em passo largo.gif,,C:\Users\ADMIN\Desktop\gif exercises\BIBLIOTECA DE EJERCICIOS\8° MANUAL DE ESTIRAMIENTO Y MOVILIDAD\GIFs DE ESTIRAMIENTO Y MOVILIDAD\Alongamento de panturrilha em passo largo.gif
stretch-of-calf-in-position-static,Stretch of calf in position static,stretching_mobility,,high,no,Stretching / Mobility,Alongamento de panturrilha em posição estática.gif,,C:\Users\ADMIN\Desktop\gif exercises\BIBLIOTECA DE EJERCICIOS\8° MANUAL DE ESTIRAMIENTO Y MOVILIDAD\GIFs DE ESTIRAMIENTO Y MOVILIDAD\Alongamento de panturrilha em posição estática.gif
stretch-of-calf-against-wall,Stretch of calf against wall,stretching_mobility,,high,no,Stretching / Mobility,Alongamento de panturrilha na parede.gif,,C:\Users\ADMIN\Desktop\gif exercises\BIBLIOTECA DE EJERCICIOS\8° MANUAL DE ESTIRAMIENTO Y MOVILIDAD\GIFs DE ESTIRAMIENTO Y MOVILIDAD\Alongamento de panturrilha na parede.gif
stretch-of-legs-double,Stretch of legs double,stretching_mobility,,high,no,Stretching / Mobility,Alongamento de Pernas Duplo.gif,,C:\Users\ADMIN\Desktop\gif exercises\BIBLIOTECA DE EJERCICIOS\8° MANUAL DE ESTIRAMIENTO Y MOVILIDAD\GIFs DE ESTIRAMIENTO Y MOVILIDAD\Alongamento de Pernas Duplo.gif
stretch-of-wrist,Stretch of wrist,stretching_mobility,,high,no,Stretching / Mobility,Alongamento de Punho.gif,,C:\Users\ADMIN\Desktop\gif exercises\BIBLIOTECA DE EJERCICIOS\8° MANUAL DE ESTIRAMIENTO Y MOVILIDAD\GIFs DE ESTIRAMIENTO Y MOVILIDAD\Alongamento de Punho.gif
stretch-of-hip-90-90,Stretch of hip 90 90,stretching_mobility,,high,no,Stretching / Mobility,Alongamento de quadril 90-90.gif,,C:\Users\ADMIN\Desktop\gif exercises\BIBLIOTECA DE EJERCICIOS\8° MANUAL DE ESTIRAMIENTO Y MOVILIDAD\GIFs DE ESTIRAMIENTO Y MOVILIDAD\Alongamento de quadril 90-90.gif
stretch-of-quadriceps-kneeling,Stretch of quadriceps kneeling,stretching_mobility,,high,no,Stretching / Mobility,Alongamento de Quadríceps ajoelhado.gif,,C:\Users\ADMIN\Desktop\gif exercises\BIBLIOTECA DE EJERCICIOS\8° MANUAL DE ESTIRAMIENTO Y MOVILIDAD\GIFs DE ESTIRAMIENTO Y MOVILIDAD\Alongamento de Quadríceps ajoelhado.gif
stretch-of-quadriceps-in-four-supports,Stretch of quadriceps in four supports,stretching_mobility,,high,no,Stretching / Mobility,Alongamento de Quadríceps em Quatro Apoios.gif,,C:\Users\ADMIN\Desktop\gif exercises\BIBLIOTECA DE EJERCICIOS\8° MANUAL DE ESTIRAMIENTO Y MOVILIDAD\GIFs DE ESTIRAMIENTO Y MOVILIDAD\Alongamento de Quadríceps em Quatro Apoios.gif
stretch-of-rotation-of-the-spine-standing,Stretch of rotation of the spine standing,stretching_mobility,,high,no,Stretching / Mobility,Alongamento de rotação da coluna em pé.gif,,C:\Users\ADMIN\Desktop\gif exercises\BIBLIOTECA DE EJERCICIOS\8° MANUAL DE ESTIRAMIENTO Y MOVILIDAD\GIFs DE ESTIRAMIENTO Y MOVILIDAD\Alongamento de rotação da coluna em pé.gif
stretch-of-triceps-standing,Stretch of triceps standing,stretching_mobility,,high,no,Stretching / Mobility,Alongamento de tríceps em pé.gif,,C:\Users\ADMIN\Desktop\gif exercises\BIBLIOTECA DE EJERCICIOS\8° MANUAL DE ESTIRAMIENTO Y MOVILIDAD\GIFs DE ESTIRAMIENTO Y MOVILIDAD\Alongamento de tríceps em pé.gif
stretch-dynamic-of-the-chest,Stretch dynamic of the chest,stretching_mobility,,high,no,Stretching / Mobility,Alongamento Dinâmico do Peitoral.gif,,C:\Users\ADMIN\Desktop\gif exercises\BIBLIOTECA DE EJERCICIOS\8° MANUAL DE ESTIRAMIENTO Y MOVILIDAD\GIFs DE ESTIRAMIENTO Y MOVILIDAD\Alongamento Dinâmico do Peitoral.gif
stretch-of-the-deflector-ulnar-and-extensor-of-the-wrist,Stretch of the deflector ulnar and extensor of the wrist,stretching_mobility,,high,no,Stretching / Mobility,Alongamento do desviador ulnar e extensor do punho.gif,,C:\Users\ADMIN\Desktop\gif exercises\BIBLIOTECA DE EJERCICIOS\8° MANUAL DE ESTIRAMIENTO Y MOVILIDAD\GIFs DE ESTIRAMIENTO Y MOVILIDAD\Alongamento do desviador ulnar e extensor do punho.gif
stretch-of-the-gastrocnemius-with-knee-bent,Stretch of the gastrocnemius with knee bent,stretching_mobility,,high,no,Stretching / Mobility,Alongamento do Gastrocnêmio com Joelho Flexionado.gif,,C:\Users\ADMIN\Desktop\gif exercises\BIBLIOTECA DE EJERCICIOS\8° MANUAL DE ESTIRAMIENTO Y MOVILIDAD\GIFs DE ESTIRAMIENTO Y MOVILIDAD\Alongamento do Gastrocnêmio com Joelho Flexionado.gif
stretch-of-the-rotator-cuff-rotator,Stretch of the rotator cuff rotator,stretching_mobility,,high,no,Stretching / Mobility,Alongamento do manguito rotador.gif,,C:\Users\ADMIN\Desktop\gif exercises\BIBLIOTECA DE EJERCICIOS\8° MANUAL DE ESTIRAMIENTO Y MOVILIDAD\GIFs DE ESTIRAMIENTO Y MOVILIDAD\Alongamento do manguito rotador.gif
stretch-of-the-shoulder-with-towel,Stretch of the shoulder with towel,stretching_mobility,,high,no,Stretching / Mobility,Alongamento do ombro com toalha.gif,,C:\Users\ADMIN\Desktop\gif exercises\BIBLIOTECA DE EJERCICIOS\8° MANUAL DE ESTIRAMIENTO Y MOVILIDAD\GIFs DE ESTIRAMIENTO Y MOVILIDAD\Alongamento do ombro com toalha.gif
stretch-of-the-chest-overhead-of-the-head,Stretch of the chest overhead of the head,stretching_mobility,,high,no,Stretching / Mobility,Alongamento do Peito Acima da Cabeça.gif,,C:\Users\ADMIN\Desktop\gif exercises\BIBLIOTECA DE EJERCICIOS\8° MANUAL DE ESTIRAMIENTO Y MOVILIDAD\GIFs DE ESTIRAMIENTO Y MOVILIDAD\Alongamento do Peito Acima da Cabeça.gif
stretch-of-the-chest-with-foam-roller,Stretch of the chest with foam roller,stretching_mobility,,high,no,Stretching / Mobility,Alongamento do peito com rolo de espuma.gif,,C:\Users\ADMIN\Desktop\gif exercises\BIBLIOTECA DE EJERCICIOS\8° MANUAL DE ESTIRAMIENTO Y MOVILIDAD\GIFs DE ESTIRAMIENTO Y MOVILIDAD\Alongamento do peito com rolo de espuma.gif
stretch-of-the-chest-and-part-front-of-the-shoulders,Stretch of the chest and part front of the shoulders,stretching_mobility,,high,no,Stretching / Mobility,Alongamento do Peito e Parte Frontal dos Ombros.gif,,C:\Users\ADMIN\Desktop\gif exercises\BIBLIOTECA DE EJERCICIOS\8° MANUAL DE ESTIRAMIENTO Y MOVILIDAD\GIFs DE ESTIRAMIENTO Y MOVILIDAD\Alongamento do Peito e Parte Frontal dos Ombros.gif
stretch-of-the-chest-to-back,Stretch of the chest to back,stretching_mobility,,high,no,Stretching / Mobility,Alongamento do Peitoral até as Costas.gif,,C:\Users\ADMIN\Desktop\gif exercises\BIBLIOTECA DE EJERCICIOS\8° MANUAL DE ESTIRAMIENTO Y MOVILIDAD\GIFs DE ESTIRAMIENTO Y MOVILIDAD\Alongamento do Peitoral até as Costas.gif
stretch-of-the-chest-with-one-arm-standing,Stretch of the chest with one arm standing,stretching_mobility,,high,no,Stretching / Mobility,Alongamento do Peitoral com um Braço em Pé.gif,,C:\Users\ADMIN\Desktop\gif exercises\BIBLIOTECA DE EJERCICIOS\8° MANUAL DE ESTIRAMIENTO Y MOVILIDAD\GIFs DE ESTIRAMIENTO Y MOVILIDAD\Alongamento do Peitoral com um Braço em Pé.gif
stretch-of-the-chest-and-of-the-shoulder-on-doorway,Stretch of the chest and of the shoulder on doorway,stretching_mobility,,high,no,Stretching / Mobility,Alongamento do peitoral e do ombro na porta.gif,,C:\Users\ADMIN\Desktop\gif exercises\BIBLIOTECA DE EJERCICIOS\8° MANUAL DE ESTIRAMIENTO Y MOVILIDAD\GIFs DE ESTIRAMIENTO Y MOVILIDAD\Alongamento do peitoral e do ombro na porta.gif
stretch-of-the-chest-reverse,Stretch of the chest reverse,stretching_mobility,,high,yes,Stretching / Mobility,Alongamento do peitoral reverso.gif,,C:\Users\ADMIN\Desktop\gif exercises\BIBLIOTECA DE EJERCICIOS\8° MANUAL DE ESTIRAMIENTO Y MOVILIDAD\GIFs DE ESTIRAMIENTO Y MOVILIDAD\Alongamento do peitoral reverso.gif
stretch-of-the-piriformis-seated,Stretch of the piriformis seated,stretching_mobility,,high,no,Stretching / Mobility,Alongamento do Piriforme Sentado.gif,,C:\Users\ADMIN\Desktop\gif exercises\BIBLIOTECA DE EJERCICIOS\8° MANUAL DE ESTIRAMIENTO Y MOVILIDAD\GIFs DE ESTIRAMIENTO Y MOVILIDAD\Alongamento do Piriforme Sentado.gif
stretch-of-the-tendon-of-achilles-standing,Stretch of the tendon of achilles standing,stretching_mobility,,high,no,Stretching / Mobility,Alongamento do tendão de Aquiles em pé.gif,,C:\Users\ADMIN\Desktop\gif exercises\BIBLIOTECA DE EJERCICIOS\8° MANUAL DE ESTIRAMIENTO Y MOVILIDAD\GIFs DE ESTIRAMIENTO Y MOVILIDAD\Alongamento do tendão de Aquiles em pé.gif
stretch-of-the-tibial-posterior,Stretch of the tibial posterior,stretching_mobility,,high,no,Stretching / Mobility,Alongamento do tibial posterior.gif,,C:\Users\ADMIN\Desktop\gif exercises\BIBLIOTECA DE EJERCICIOS\8° MANUAL DE ESTIRAMIENTO Y MOVILIDAD\GIFs DE ESTIRAMIENTO Y MOVILIDAD\Alongamento do tibial posterior.gif
stretch-of-the-tract-iliotibial-with-foam-roller,Stretch of the tract iliotibial with foam roller,stretching_mobility,,high,no,Stretching / Mobility,Alongamento do trato iliotibial com rolo de espuma.gif,,C:\Users\ADMIN\Desktop\gif exercises\BIBLIOTECA DE EJERCICIOS\8° MANUAL DE ESTIRAMIENTO Y MOVILIDAD\GIFs DE ESTIRAMIENTO Y MOVILIDAD\Alongamento do trato iliotibial com rolo de espuma.gif
stretch-of-the-adductors-with-leg-extended-kneeling,Stretch of the adductors with leg extended kneeling,stretching_mobility,,high,no,Stretching / Mobility,Alongamento dos Adutores com a Perna Estendida ajoelhado.gif,,C:\Users\ADMIN\Desktop\gif exercises\BIBLIOTECA DE EJERCICIOS\8° MANUAL DE ESTIRAMIENTO Y MOVILIDAD\GIFs DE ESTIRAMIENTO Y MOVILIDAD\Alongamento dos Adutores com a Perna Estendida ajoelhado.gif
stretch-of-the-adductors-with-legs-open-standing,Stretch of the adductors with legs open standing,stretching_mobility,,high,no,Stretching / Mobility,Alongamento dos Adutores com Pernas Abertas em Pé.gif,,C:\Users\ADMIN\Desktop\gif exercises\BIBLIOTECA DE EJERCICIOS\8° MANUAL DE ESTIRAMIENTO Y MOVILIDAD\GIFs DE ESTIRAMIENTO Y MOVILIDAD\Alongamento dos Adutores com Pernas Abertas em Pé.gif
stretch-of-the-adductors-of-the-thigh-with-foam-roller,Stretch of the adductors of the thigh with foam roller,stretching_mobility,,high,no,Stretching / Mobility,Alongamento dos adutores da coxa com rolo de espuma.gif,,C:\Users\ADMIN\Desktop\gif exercises\BIBLIOTECA DE EJERCICIOS\8° MANUAL DE ESTIRAMIENTO Y MOVILIDAD\GIFs DE ESTIRAMIENTO Y MOVILIDAD\Alongamento dos adutores da coxa com rolo de espuma.gif
stretch-of-the-adductors-in-position-seated-with-legs-open,Stretch of the adductors in position seated with legs open,stretching_mobility,,high,no,Stretching / Mobility,Alongamento dos Adutores em Posição Sentada com Pernas Abertas.gif,,C:\Users\ADMIN\Desktop\gif exercises\BIBLIOTECA DE EJERCICIOS\8° MANUAL DE ESTIRAMIENTO Y MOVILIDAD\GIFs DE ESTIRAMIENTO Y MOVILIDAD\Alongamento dos Adutores em Posição Sentada com Pernas Abertas.gif
stretch-of-the-adductors-seated,Stretch of the adductors seated,stretching_mobility,,high,no,Stretching / Mobility,Alongamento dos adutores sentado.gif,,C:\Users\ADMIN\Desktop\gif exercises\BIBLIOTECA DE EJERCICIOS\8° MANUAL DE ESTIRAMIENTO Y MOVILIDAD\GIFs DE ESTIRAMIENTO Y MOVILIDAD\Alongamento dos adutores sentado.gif
stretch-of-the-extensors-of-the-toes-of-the-feet,Stretch of the extensors of the toes of the feet,stretching_mobility,,high,no,Stretching / Mobility,Alongamento dos Extensores dos Dedos dos Pés.gif,,C:\Users\ADMIN\Desktop\gif exercises\BIBLIOTECA DE EJERCICIOS\8° MANUAL DE ESTIRAMIENTO Y MOVILIDAD\GIFs DE ESTIRAMIENTO Y MOVILIDAD\Alongamento dos Extensores dos Dedos dos Pés.gif
stretch-of-the-flexors-of-hip-kneeling,Stretch of the flexors of hip kneeling,stretching_mobility,,high,no,Stretching / Mobility,Alongamento dos flexores de quadril ajoelhado.gif,,C:\Users\ADMIN\Desktop\gif exercises\BIBLIOTECA DE EJERCICIOS\8° MANUAL DE ESTIRAMIENTO Y MOVILIDAD\GIFs DE ESTIRAMIENTO Y MOVILIDAD\Alongamento dos flexores de quadril ajoelhado.gif
stretch-of-the-flexors-of-the-hip-in-position-of-knee,Stretch of the flexors of the hip in position of knee,stretching_mobility,,high,no,Stretching / Mobility,Alongamento dos flexores do quadril em posição de joelho.gif,,C:\Users\ADMIN\Desktop\gif exercises\BIBLIOTECA DE EJERCICIOS\8° MANUAL DE ESTIRAMIENTO Y MOVILIDAD\GIFs DE ESTIRAMIENTO Y MOVILIDAD\Alongamento dos flexores do quadril em posição de joelho.gif
stretch-of-the-flexors-of-the-toes-of-the-feet-standing,Stretch of the flexors of the toes of the feet standing,stretching_mobility,,high,no,Stretching / Mobility,Alongamento dos flexores dos dedos dos pés em pé.gif,,C:\Users\ADMIN\Desktop\gif exercises\BIBLIOTECA DE EJERCICIOS\8° MANUAL DE ESTIRAMIENTO Y MOVILIDAD\GIFs DE ESTIRAMIENTO Y MOVILIDAD\Alongamento dos flexores dos dedos dos pés em pé.gif
stretch-of-the-hamstrings-standing-with-leg-crossed,Stretch of the hamstrings standing with leg crossed,stretching_mobility,,high,no,Stretching / Mobility,Alongamento dos isquiotibiais em pé com a perna cruzada.gif,,C:\Users\ADMIN\Desktop\gif exercises\BIBLIOTECA DE EJERCICIOS\8° MANUAL DE ESTIRAMIENTO Y MOVILIDAD\GIFs DE ESTIRAMIENTO Y MOVILIDAD\Alongamento dos isquiotibiais em pé com a perna cruzada.gif
stretch-of-the-hamstrings-standing,Stretch of the hamstrings standing,stretching_mobility,,high,no,Stretching / Mobility,Alongamento dos isquiotibiais em pé.gif,,C:\Users\ADMIN\Desktop\gif exercises\BIBLIOTECA DE EJERCICIOS\8° MANUAL DE ESTIRAMIENTO Y MOVILIDAD\GIFs DE ESTIRAMIENTO Y MOVILIDAD\Alongamento dos isquiotibiais em pé.gif
stretch-of-the-hamstrings-seated,Stretch of the hamstrings seated,stretching_mobility,,high,no,Stretching / Mobility,Alongamento dos Isquiotibiais Sentado.gif,,C:\Users\ADMIN\Desktop\gif exercises\BIBLIOTECA DE EJERCICIOS\8° MANUAL DE ESTIRAMIENTO Y MOVILIDAD\GIFs DE ESTIRAMIENTO Y MOVILIDAD\Alongamento dos Isquiotibiais Sentado.gif
stretch-of-the-lats-back-with-foam-roller,Stretch of the lats back with foam roller,stretching_mobility,,high,no,Stretching / Mobility,Alongamento dos latíssimos dorsais com rolo de espuma.gif,,C:\Users\ADMIN\Desktop\gif exercises\BIBLIOTECA DE EJERCICIOS\8° MANUAL DE ESTIRAMIENTO Y MOVILIDAD\GIFs DE ESTIRAMIENTO Y MOVILIDAD\Alongamento dos latíssimos dorsais com rolo de espuma.gif
stretch-of-the-shoulders-for-behind-of-the-back,Stretch of the shoulders for behind of the back,stretching_mobility,,high,no,Stretching / Mobility,Alongamento dos ombros por trás das costas.gif,,C:\Users\ADMIN\Desktop\gif exercises\BIBLIOTECA DE EJERCICIOS\8° MANUAL DE ESTIRAMIENTO Y MOVILIDAD\GIFs DE ESTIRAMIENTO Y MOVILIDAD\Alongamento dos ombros por trás das costas.gif
stretch-in-circles-on-wrists,Stretch in circles on wrists,stretching_mobility,,high,no,Stretching / Mobility,Alongamento em Círculos nos Punhos.gif,,C:\Users\ADMIN\Desktop\gif exercises\BIBLIOTECA DE EJERCICIOS\8° MANUAL DE ESTIRAMIENTO Y MOVILIDAD\GIFs DE ESTIRAMIENTO Y MOVILIDAD\Alongamento em Círculos nos Punhos.gif
stretch-standing-of-the-quadriceps,Stretch standing of the quadriceps,stretching_mobility,,high,no,Stretching / Mobility,Alongamento em Pé dos Quadríceps.gif,,C:\Users\ADMIN\Desktop\gif exercises\BIBLIOTECA DE EJERCICIOS\8° MANUAL DE ESTIRAMIENTO Y MOVILIDAD\GIFs DE ESTIRAMIENTO Y MOVILIDAD\Alongamento em Pé dos Quadríceps.gif
stretch-incline-lateral-standing,Stretch incline lateral standing,stretching_mobility,,high,no,Stretching / Mobility,Alongamento Inclinado Lateral em Pé.gif,,C:\Users\ADMIN\Desktop\gif exercises\BIBLIOTECA DE EJERCICIOS\8° MANUAL DE ESTIRAMIENTO Y MOVILIDAD\GIFs DE ESTIRAMIENTO Y MOVILIDAD\Alongamento Inclinado Lateral em Pé.gif
stretch-lateral-of-the-part-internal-of-the-thigh,Stretch lateral of the part internal of the thigh,stretching_mobility,,high,no,Stretching / Mobility,Alongamento Lateral da Parte Interna da Coxa.gif,,C:\Users\ADMIN\Desktop\gif exercises\BIBLIOTECA DE EJERCICIOS\8° MANUAL DE ESTIRAMIENTO Y MOVILIDAD\GIFs DE ESTIRAMIENTO Y MOVILIDAD\Alongamento Lateral da Parte Interna da Coxa.gif
stretch-against-wall-of-the-corner,Stretch against wall of the corner,stretching_mobility,,high,no,Stretching / Mobility,Alongamento na parede do canto.gif,,C:\Users\ADMIN\Desktop\gif exercises\BIBLIOTECA DE EJERCICIOS\8° MANUAL DE ESTIRAMIENTO Y MOVILIDAD\GIFs DE ESTIRAMIENTO Y MOVILIDAD\Alongamento na parede do canto.gif
stretch-piriformis,Stretch piriformis,stretching_mobility,,high,no,Stretching / Mobility,Alongamento Piriforme.gif,,C:\Users\ADMIN\Desktop\gif exercises\BIBLIOTECA DE EJERCICIOS\8° MANUAL DE ESTIRAMIENTO Y MOVILIDAD\GIFs DE ESTIRAMIENTO Y MOVILIDAD\Alongamento Piriforme.gif
stretch-reverse-assisted-chest-and-shoulder,Stretch reverse assisted chest and shoulder,stretching_mobility,,high,no,Stretching / Mobility,Alongamento reverso assistido (peito e ombro).gif,,C:\Users\ADMIN\Desktop\gif exercises\BIBLIOTECA DE EJERCICIOS\8° MANUAL DE ESTIRAMIENTO Y MOVILIDAD\GIFs DE ESTIRAMIENTO Y MOVILIDAD\Alongamento reverso assistido (peito e ombro).gif
stretch-reverse-of-wrist,Stretch reverse of wrist,stretching_mobility,,high,no,Stretching / Mobility,Alongamento Reverso de Pulso.gif,,C:\Users\ADMIN\Desktop\gif exercises\BIBLIOTECA DE EJERCICIOS\8° MANUAL DE ESTIRAMIENTO Y MOVILIDAD\GIFs DE ESTIRAMIENTO Y MOVILIDAD\Alongamento Reverso de Pulso.gif
stretch-seated-for-calf-with-leg-extended,Stretch seated for calf with leg extended,stretching_mobility,,high,no,Stretching / Mobility,Alongamento Sentado para a Panturrilha com Perna Esticada.gif,,C:\Users\ADMIN\Desktop\gif exercises\BIBLIOTECA DE EJERCICIOS\8° MANUAL DE ESTIRAMIENTO Y MOVILIDAD\GIFs DE ESTIRAMIENTO Y MOVILIDAD\Alongamento Sentado para a Panturrilha com Perna Esticada.gif
stretches-of-feet-and-ankles,Stretches of feet and ankles,stretching_mobility,,high,no,Stretching / Mobility,Alongamentos de pés e tornozelos.gif,,C:\Users\ADMIN\Desktop\gif exercises\BIBLIOTECA DE EJERCICIOS\8° MANUAL DE ESTIRAMIENTO Y MOVILIDAD\GIFs DE ESTIRAMIENTO Y MOVILIDAD\Alongamentos de pés e tornozelos.gif
throw-of-reaction-ball,Throw of reaction ball,stretching_mobility,,high,yes,Stretching / Mobility,Arremesso de Bola de Reação.gif,,C:\Users\ADMIN\Desktop\gif exercises\BIBLIOTECA DE EJERCICIOS\8° MANUAL DE ESTIRAMIENTO Y MOVILIDAD\GIFs DE ESTIRAMIENTO Y MOVILIDAD\Arremesso de Bola de Reação.gif
pinwheel-body,Pinwheel body,stretching_mobility,,high,no,Stretching / Mobility,Catavento corporal.gif,,C:\Users\ADMIN\Desktop\gif exercises\BIBLIOTECA DE EJERCICIOS\8° MANUAL DE ESTIRAMIENTO Y MOVILIDAD\GIFs DE ESTIRAMIENTO Y MOVILIDAD\Catavento corporal.gif
contraction-abdominal,Contraction abdominal,stretching_mobility,,high,no,Stretching / Mobility,Contração abdominal.gif,,C:\Users\ADMIN\Desktop\gif exercises\BIBLIOTECA DE EJERCICIOS\8° MANUAL DE ESTIRAMIENTO Y MOVILIDAD\GIFs DE ESTIRAMIENTO Y MOVILIDAD\Contração abdominal.gif
circles-with-arms,Circles with arms,stretching_mobility,,high,no,Stretching / Mobility,Círculos com os braços.gif,,C:\Users\ADMIN\Desktop\gif exercises\BIBLIOTECA DE EJERCICIOS\8° MANUAL DE ESTIRAMIENTO Y MOVILIDAD\GIFs DE ESTIRAMIENTO Y MOVILIDAD\Círculos com os braços.gif
circles-with-one-arm,Circles with one arm,stretching_mobility,,high,no,Stretching / Mobility,Círculos com um braço.gif,,C:\Users\ADMIN\Desktop\gif exercises\BIBLIOTECA DE EJERCICIOS\8° MANUAL DE ESTIRAMIENTO Y MOVILIDAD\GIFs DE ESTIRAMIENTO Y MOVILIDAD\Círculos com um braço.gif
slide-of-wall-of-the-serratus-with-foam-roller,Slide of wall of the serratus with foam roller,stretching_mobility,,high,no,Stretching / Mobility,Deslize de parede do serrátil com rolo de espuma.gif,,C:\Users\ADMIN\Desktop\gif exercises\BIBLIOTECA DE EJERCICIOS\8° MANUAL DE ESTIRAMIENTO Y MOVILIDAD\GIFs DE ESTIRAMIENTO Y MOVILIDAD\Deslize de parede do serrátil com rolo de espuma.gif
dorsiflexion-plantar,Dorsiflexion plantar,stretching_mobility,,high,no,Stretching / Mobility,Dorsiflexão plantar.gif,,C:\Users\ADMIN\Desktop\gif exercises\BIBLIOTECA DE EJERCICIOS\8° MANUAL DE ESTIRAMIENTO Y MOVILIDAD\GIFs DE ESTIRAMIENTO Y MOVILIDAD\Dorsiflexão plantar.gif
lateral-raise-of-deltoid-posterior-with-dumbbells,Lateral raise of deltoid posterior with dumbbells,stretching_mobility,,high,no,Stretching / Mobility,Elevação lateral de deltóide posterior com halteres.gif,,C:\Users\ADMIN\Desktop\gif exercises\BIBLIOTECA DE EJERCICIOS\8° MANUAL DE ESTIRAMIENTO Y MOVILIDAD\GIFs DE ESTIRAMIENTO Y MOVILIDAD\Elevação lateral de deltóide posterior com halteres.gif
exercise-of-ballerina-seated,Exercise of ballerina seated,stretching_mobility,,high,no,Stretching / Mobility,Exercício de bailarina sentada.gif,,C:\Users\ADMIN\Desktop\gif exercises\BIBLIOTECA DE EJERCICIOS\8° MANUAL DE ESTIRAMIENTO Y MOVILIDAD\GIFs DE ESTIRAMIENTO Y MOVILIDAD\Exercício de bailarina sentada.gif
exercise-of-retraction-scapular-seated,Exercise of retraction scapular seated,stretching_mobility,,high,no,Stretching / Mobility,Exercício de retração escapular sentada.gif,,C:\Users\ADMIN\Desktop\gif exercises\BIBLIOTECA DE EJERCICIOS\8° MANUAL DE ESTIRAMIENTO Y MOVILIDAD\GIFs DE ESTIRAMIENTO Y MOVILIDAD\Exercício de retração escapular sentada.gif
flexion-alternating-of-shoulder,Flexion alternating of shoulder,stretching_mobility,,high,no,Stretching / Mobility,Flexão alternada de ombro.gif,,C:\Users\ADMIN\Desktop\gif exercises\BIBLIOTECA DE EJERCICIOS\8° MANUAL DE ESTIRAMIENTO Y MOVILIDAD\GIFs DE ESTIRAMIENTO Y MOVILIDAD\Flexão alternada de ombro.gif
incline-lateral-standing,Incline lateral standing,stretching_mobility,,high,no,Stretching / Mobility,Inclinação Lateral em Pé.gif,,C:\Users\ADMIN\Desktop\gif exercises\BIBLIOTECA DE EJERCICIOS\8° MANUAL DE ESTIRAMIENTO Y MOVILIDAD\GIFs DE ESTIRAMIENTO Y MOVILIDAD\Inclinação Lateral em Pé.gif
incline-lateral,Incline lateral,stretching_mobility,,high,no,Stretching / Mobility,Inclinação Lateral.gif,,C:\Users\ADMIN\Desktop\gif exercises\BIBLIOTECA DE EJERCICIOS\8° MANUAL DE ESTIRAMIENTO Y MOVILIDAD\GIFs DE ESTIRAMIENTO Y MOVILIDAD\Inclinação Lateral.gif
knee-alternating-on-chest,Knee alternating on chest,stretching_mobility,,high,no,Stretching / Mobility,Joelho Alternado no Peito.gif,,C:\Users\ADMIN\Desktop\gif exercises\BIBLIOTECA DE EJERCICIOS\8° MANUAL DE ESTIRAMIENTO Y MOVILIDAD\GIFs DE ESTIRAMIENTO Y MOVILIDAD\Joelho Alternado no Peito.gif
raise-of-arm-supported-against-wall,Raise of arm supported against wall,stretching_mobility,,high,no,Stretching / Mobility,Levantamento de braço apoiado na parede.gif,,C:\Users\ADMIN\Desktop\gif exercises\BIBLIOTECA DE EJERCICIOS\8° MANUAL DE ESTIRAMIENTO Y MOVILIDAD\GIFs DE ESTIRAMIENTO Y MOVILIDAD\Levantamento de braço apoiado na parede.gif
posture-of-the-cobra-stretch-abdominal,Posture of the cobra - stretch abdominal,stretching_mobility,,needs_review,no,Stretching / Mobility,Postura da Cobra - Alongamento Abdominal.gif,-,C:\Users\ADMIN\Desktop\gif exercises\BIBLIOTECA DE EJERCICIOS\8° MANUAL DE ESTIRAMIENTO Y MOVILIDAD\GIFs DE ESTIRAMIENTO Y MOVILIDAD\Postura da Cobra - Alongamento Abdominal.gif
posture-of-the-groin-seated,Posture of the groin seated,stretching_mobility,,high,no,Stretching / Mobility,Postura da Virilha Sentada.gif,,C:\Users\ADMIN\Desktop\gif exercises\BIBLIOTECA DE EJERCICIOS\8° MANUAL DE ESTIRAMIENTO Y MOVILIDAD\GIFs DE ESTIRAMIENTO Y MOVILIDAD\Postura da Virilha Sentada.gif
posture-of-half-frog,Posture of half frog,stretching_mobility,,high,no,Stretching / Mobility,Postura de meio sapo.gif,,C:\Users\ADMIN\Desktop\gif exercises\BIBLIOTECA DE EJERCICIOS\8° MANUAL DE ESTIRAMIENTO Y MOVILIDAD\GIFs DE ESTIRAMIENTO Y MOVILIDAD\Postura de meio sapo.gif
posture-of-fish,Posture of fish,stretching_mobility,,high,no,Stretching / Mobility,Postura de peixe.gif,,C:\Users\ADMIN\Desktop\gif exercises\BIBLIOTECA DE EJERCICIOS\8° MANUAL DE ESTIRAMIENTO Y MOVILIDAD\GIFs DE ESTIRAMIENTO Y MOVILIDAD\Postura de peixe.gif
posture-of-the-arch-oscillating,Posture of the arch oscillating,stretching_mobility,,high,no,Stretching / Mobility,Postura do Arco Oscilante.gif,,C:\Users\ADMIN\Desktop\gif exercises\BIBLIOTECA DE EJERCICIOS\8° MANUAL DE ESTIRAMIENTO Y MOVILIDAD\GIFs DE ESTIRAMIENTO Y MOVILIDAD\Postura do Arco Oscilante.gif
posture-of-the-arch,Posture of the arch,stretching_mobility,,high,no,Stretching / Mobility,Postura do Arco.gif,,C:\Users\ADMIN\Desktop\gif exercises\BIBLIOTECA DE EJERCICIOS\8° MANUAL DE ESTIRAMIENTO Y MOVILIDAD\GIFs DE ESTIRAMIENTO Y MOVILIDAD\Postura do Arco.gif
posture-of-the-baby-happy,Posture of the baby happy,stretching_mobility,,high,no,Stretching / Mobility,Postura do Bebê Feliz.gif,,C:\Users\ADMIN\Desktop\gif exercises\BIBLIOTECA DE EJERCICIOS\8° MANUAL DE ESTIRAMIENTO Y MOVILIDAD\GIFs DE ESTIRAMIENTO Y MOVILIDAD\Postura do Bebê Feliz.gif
posture-of-the-frog,Posture of the frog,stretching_mobility,,high,no,Stretching / Mobility,Postura do sapo.gif,,C:\Users\ADMIN\Desktop\gif exercises\BIBLIOTECA DE EJERCICIOS\8° MANUAL DE ESTIRAMIENTO Y MOVILIDAD\GIFs DE ESTIRAMIENTO Y MOVILIDAD\Postura do sapo.gif
protraction-and-retraction-of-the-scapula,Protraction and retraction of the scapula,stretching_mobility,,high,no,Stretching / Mobility,Protração e retração da escápula.gif,,C:\Users\ADMIN\Desktop\gif exercises\BIBLIOTECA DE EJERCICIOS\8° MANUAL DE ESTIRAMIENTO Y MOVILIDAD\GIFs DE ESTIRAMIENTO Y MOVILIDAD\Protração e retração da escápula.gif
pulldown-scapular-on-bar-pull-up,Pulldown scapular on bar pull-up,stretching_mobility,,high,yes,Stretching / Mobility,Puxada escapular na barra fixa.gif,,C:\Users\ADMIN\Desktop\gif exercises\BIBLIOTECA DE EJERCICIOS\8° MANUAL DE ESTIRAMIENTO Y MOVILIDAD\GIFs DE ESTIRAMIENTO Y MOVILIDAD\Puxada escapular na barra fixa.gif
pendulum-of-shoulder,Pendulum of shoulder,stretching_mobility,,high,no,Stretching / Mobility,Pêndulo de ombro.gif,,C:\Users\ADMIN\Desktop\gif exercises\BIBLIOTECA DE EJERCICIOS\8° MANUAL DE ESTIRAMIENTO Y MOVILIDAD\GIFs DE ESTIRAMIENTO Y MOVILIDAD\Pêndulo de ombro.gif
quadruped-with-raise-of-arm-and-leg-contralateral,Quadruped with raise of arm and leg contralateral,stretching_mobility,,high,yes,Stretching / Mobility,Quadrúpede com elevação de braço e perna contralateral.gif,,C:\Users\ADMIN\Desktop\gif exercises\BIBLIOTECA DE EJERCICIOS\8° MANUAL DE ESTIRAMIENTO Y MOVILIDAD\GIFs DE ESTIRAMIENTO Y MOVILIDAD\Quadrúpede com elevação de braço e perna contralateral.gif
rolling-of-foam-for-hamstrings,Rolling of foam for hamstrings,stretching_mobility,,high,no,Stretching / Mobility,Rolagem de espuma para isquiotibiais.gif,,C:\Users\ADMIN\Desktop\gif exercises\BIBLIOTECA DE EJERCICIOS\8° MANUAL DE ESTIRAMIENTO Y MOVILIDAD\GIFs DE ESTIRAMIENTO Y MOVILIDAD\Rolagem de espuma para isquiotibiais.gif
roll-of-foam-on-back,Roll of foam on back,stretching_mobility,,high,no,Stretching / Mobility,Rolamento de espuma nas costas.gif,,C:\Users\ADMIN\Desktop\gif exercises\BIBLIOTECA DE EJERCICIOS\8° MANUAL DE ESTIRAMIENTO Y MOVILIDAD\GIFs DE ESTIRAMIENTO Y MOVILIDAD\Rolamento de espuma nas costas.gif
roll-of-foam-on-quadriceps,Roll of foam on quadriceps,stretching_mobility,,high,no,Stretching / Mobility,Rolamento de espuma nos quadríceps.gif,,C:\Users\ADMIN\Desktop\gif exercises\BIBLIOTECA DE EJERCICIOS\8° MANUAL DE ESTIRAMIENTO Y MOVILIDAD\GIFs DE ESTIRAMIENTO Y MOVILIDAD\Rolamento de espuma nos quadríceps.gif
roll-of-foam-on-rhomboids,Roll of foam on rhomboids,stretching_mobility,,high,no,Stretching / Mobility,Rolamento de espuma nos romboides.gif,,C:\Users\ADMIN\Desktop\gif exercises\BIBLIOTECA DE EJERCICIOS\8° MANUAL DE ESTIRAMIENTO Y MOVILIDAD\GIFs DE ESTIRAMIENTO Y MOVILIDAD\Rolamento de espuma nos romboides.gif
roll-of-foam-for-calves,Roll of foam for calves,stretching_mobility,,high,no,Stretching / Mobility,Rolamento de Espuma para Panturrilhas.gif,,C:\Users\ADMIN\Desktop\gif exercises\BIBLIOTECA DE EJERCICIOS\8° MANUAL DE ESTIRAMIENTO Y MOVILIDAD\GIFs DE ESTIRAMIENTO Y MOVILIDAD\Rolamento de Espuma para Panturrilhas.gif
rolling-like-one-ball,Rolling like one ball,stretching_mobility,,high,no,Stretching / Mobility,Rolando como uma Bola.gif,,C:\Users\ADMIN\Desktop\gif exercises\BIBLIOTECA DE EJERCICIOS\8° MANUAL DE ESTIRAMIENTO Y MOVILIDAD\GIFs DE ESTIRAMIENTO Y MOVILIDAD\Rolando como uma Bola.gif
foam-roller-shoulder-posterior,Foam roller shoulder posterior,stretching_mobility,,high,no,Stretching / Mobility,Rolo de espuma ombro posterior.gif,,C:\Users\ADMIN\Desktop\gif exercises\BIBLIOTECA DE EJERCICIOS\8° MANUAL DE ESTIRAMIENTO Y MOVILIDAD\GIFs DE ESTIRAMIENTO Y MOVILIDAD\Rolo de espuma ombro posterior.gif
foam-roller-for-fasciitis-plantar,Foam roller for fasciitis plantar,stretching_mobility,,high,no,Stretching / Mobility,Rolo de espuma para fascite plantar.gif,,C:\Users\ADMIN\Desktop\gif exercises\BIBLIOTECA DE EJERCICIOS\8° MANUAL DE ESTIRAMIENTO Y MOVILIDAD\GIFs DE ESTIRAMIENTO Y MOVILIDAD\Rolo de espuma para fascite plantar.gif
foam-roller-for-shoulder-and-chest-front,Foam roller for shoulder and chest front,stretching_mobility,,high,no,Stretching / Mobility,Rolo de espuma para ombro e peito frontal.gif,,C:\Users\ADMIN\Desktop\gif exercises\BIBLIOTECA DE EJERCICIOS\8° MANUAL DE ESTIRAMIENTO Y MOVILIDAD\GIFs DE ESTIRAMIENTO Y MOVILIDAD\Rolo de espuma para ombro e peito frontal.gif
foam-roller-for-glutes,Foam roller for glutes,stretching_mobility,,high,no,Stretching / Mobility,Rolo de Espuma para os Glúteos.gif,,C:\Users\ADMIN\Desktop\gif exercises\BIBLIOTECA DE EJERCICIOS\8° MANUAL DE ESTIRAMIENTO Y MOVILIDAD\GIFs DE ESTIRAMIENTO Y MOVILIDAD\Rolo de Espuma para os Glúteos.gif
rotation-of-the-spine-thoracic-of-knees,Rotation of the spine thoracic of knees,stretching_mobility,,high,no,Stretching / Mobility,Rotação da coluna torácica de joelhos.gif,,C:\Users\ADMIN\Desktop\gif exercises\BIBLIOTECA DE EJERCICIOS\8° MANUAL DE ESTIRAMIENTO Y MOVILIDAD\GIFs DE ESTIRAMIENTO Y MOVILIDAD\Rotação da coluna torácica de joelhos.gif
rotation-of-foot-and-ankle,Rotation of foot and ankle,stretching_mobility,,high,no,Stretching / Mobility,Rotação de Pé e Tornozelo.gif,,C:\Users\ADMIN\Desktop\gif exercises\BIBLIOTECA DE EJERCICIOS\8° MANUAL DE ESTIRAMIENTO Y MOVILIDAD\GIFs DE ESTIRAMIENTO Y MOVILIDAD\Rotação de Pé e Tornozelo.gif
rotation-of-the-body-upper-lying,Rotation of the body upper lying,stretching_mobility,,high,no,Stretching / Mobility,Rotação do corpo superior deitado.gif,,C:\Users\ADMIN\Desktop\gif exercises\BIBLIOTECA DE EJERCICIOS\8° MANUAL DE ESTIRAMIENTO Y MOVILIDAD\GIFs DE ESTIRAMIENTO Y MOVILIDAD\Rotação do corpo superior deitado.gif
rotation-standing,Rotation standing,stretching_mobility,,high,no,Stretching / Mobility,Rotação em Pé.gif,,C:\Users\ADMIN\Desktop\gif exercises\BIBLIOTECA DE EJERCICIOS\8° MANUAL DE ESTIRAMIENTO Y MOVILIDAD\GIFs DE ESTIRAMIENTO Y MOVILIDAD\Rotação em Pé.gif
rotation-spinal-lying,Rotation spinal lying,stretching_mobility,,high,no,Stretching / Mobility,Rotação espinhal deitado.gif,,C:\Users\ADMIN\Desktop\gif exercises\BIBLIOTECA DE EJERCICIOS\8° MANUAL DE ESTIRAMIENTO Y MOVILIDAD\GIFs DE ESTIRAMIENTO Y MOVILIDAD\Rotação espinhal deitado.gif
rotation-external-with-cable-90-degrees,Rotation external with cable 90 degrees,stretching_mobility,,high,no,Stretching / Mobility,Rotação externa com cabo a 90 graus.gif,,C:\Users\ADMIN\Desktop\gif exercises\BIBLIOTECA DE EJERCICIOS\8° MANUAL DE ESTIRAMIENTO Y MOVILIDAD\GIFs DE ESTIRAMIENTO Y MOVILIDAD\Rotação externa com cabo a 90 graus.gif
rotation-external-with-cable-in-position-of-knees,Rotation external with cable in position of knees,stretching_mobility,,high,no,Stretching / Mobility,Rotação externa com cabo em posição de joelhos.gif,,C:\Users\ADMIN\Desktop\gif exercises\BIBLIOTECA DE EJERCICIOS\8° MANUAL DE ESTIRAMIENTO Y MOVILIDAD\GIFs DE ESTIRAMIENTO Y MOVILIDAD\Rotação externa com cabo em posição de joelhos.gif
rotation-external-of-dumbbells-supported-on-bench,Rotation external of dumbbells supported on bench,stretching_mobility,,high,no,Stretching / Mobility,Rotação externa de halteres apoiada no banco.gif,,C:\Users\ADMIN\Desktop\gif exercises\BIBLIOTECA DE EJERCICIOS\8° MANUAL DE ESTIRAMIENTO Y MOVILIDAD\GIFs DE ESTIRAMIENTO Y MOVILIDAD\Rotação externa de halteres apoiada no banco.gif
rotation-external-of-shoulder-with-cable,Rotation external of shoulder with cable,stretching_mobility,,high,no,Stretching / Mobility,Rotação Externa de Ombro com Cabo.gif,,C:\Users\ADMIN\Desktop\gif exercises\BIBLIOTECA DE EJERCICIOS\8° MANUAL DE ESTIRAMIENTO Y MOVILIDAD\GIFs DE ESTIRAMIENTO Y MOVILIDAD\Rotação Externa de Ombro com Cabo.gif
rotation-external-of-shoulder-with-resistance-band,Rotation external of shoulder with resistance band,stretching_mobility,,high,no,Stretching / Mobility,Rotação externa de ombro com faixa elástica.gif,,C:\Users\ADMIN\Desktop\gif exercises\BIBLIOTECA DE EJERCICIOS\8° MANUAL DE ESTIRAMIENTO Y MOVILIDAD\GIFs DE ESTIRAMIENTO Y MOVILIDAD\Rotação externa de ombro com faixa elástica.gif
rotation-external-of-hip-with-resistance-band,Rotation external of hip with resistance band,stretching_mobility,,high,no,Stretching / Mobility,Rotação Externa De Quadril Com Faixa Elástica.gif,,C:\Users\ADMIN\Desktop\gif exercises\BIBLIOTECA DE EJERCICIOS\8° MANUAL DE ESTIRAMIENTO Y MOVILIDAD\GIFs DE ESTIRAMIENTO Y MOVILIDAD\Rotação Externa De Quadril Com Faixa Elástica.gif
rotation-external-of-hip-seated-with-resistance-band,Rotation external of hip seated with resistance band,stretching_mobility,,high,no,Stretching / Mobility,Rotação Externa de Quadril Sentado com Faixa Elástica.gif,,C:\Users\ADMIN\Desktop\gif exercises\BIBLIOTECA DE EJERCICIOS\8° MANUAL DE ESTIRAMIENTO Y MOVILIDAD\GIFs DE ESTIRAMIENTO Y MOVILIDAD\Rotação Externa de Quadril Sentado com Faixa Elástica.gif
rotation-external-of-the-shoulder-lying-with-dumbbell,Rotation external of the shoulder lying with dumbbell,stretching_mobility,,high,no,Stretching / Mobility,Rotação externa do ombro deitado com haltere.gif,,C:\Users\ADMIN\Desktop\gif exercises\BIBLIOTECA DE EJERCICIOS\8° MANUAL DE ESTIRAMIENTO Y MOVILIDAD\GIFs DE ESTIRAMIENTO Y MOVILIDAD\Rotação externa do ombro deitado com haltere.gif
rotation-external-of-the-shoulder,Rotation external of the shoulder,stretching_mobility,,high,no,Stretching / Mobility,Rotação externa do ombro.gif,,C:\Users\ADMIN\Desktop\gif exercises\BIBLIOTECA DE EJERCICIOS\8° MANUAL DE ESTIRAMIENTO Y MOVILIDAD\GIFs DE ESTIRAMIENTO Y MOVILIDAD\Rotação externa do ombro.gif
rotation-external-of-the-foot-with-resistance-band,Rotation external of the foot with resistance band,stretching_mobility,,high,no,Stretching / Mobility,Rotação Externa do Pé com Faixa Elástica.gif,,C:\Users\ADMIN\Desktop\gif exercises\BIBLIOTECA DE EJERCICIOS\8° MANUAL DE ESTIRAMIENTO Y MOVILIDAD\GIFs DE ESTIRAMIENTO Y MOVILIDAD\Rotação Externa do Pé com Faixa Elástica.gif
rotation-internal-of-cable-90-degrees,Rotation internal of cable 90 degrees,stretching_mobility,,high,no,Stretching / Mobility,Rotação interna de cabo a 90 graus.gif,,C:\Users\ADMIN\Desktop\gif exercises\BIBLIOTECA DE EJERCICIOS\8° MANUAL DE ESTIRAMIENTO Y MOVILIDAD\GIFs DE ESTIRAMIENTO Y MOVILIDAD\Rotação interna de cabo a 90 graus.gif
rotation-internal-of-shoulder-with-cable,Rotation internal of shoulder with cable,stretching_mobility,,high,no,Stretching / Mobility,Rotação interna de ombro com cabo.gif,,C:\Users\ADMIN\Desktop\gif exercises\BIBLIOTECA DE EJERCICIOS\8° MANUAL DE ESTIRAMIENTO Y MOVILIDAD\GIFs DE ESTIRAMIENTO Y MOVILIDAD\Rotação interna de ombro com cabo.gif
rotation-internal-of-the-shoulder-seated-with-cable,Rotation internal of the shoulder seated with cable,stretching_mobility,,high,no,Stretching / Mobility,Rotação interna do ombro sentada com cabo.gif,,C:\Users\ADMIN\Desktop\gif exercises\BIBLIOTECA DE EJERCICIOS\8° MANUAL DE ESTIRAMIENTO Y MOVILIDAD\GIFs DE ESTIRAMIENTO Y MOVILIDAD\Rotação interna do ombro sentada com cabo.gif
rotation-internal-of-the-shoulder,Rotation internal of the shoulder,stretching_mobility,,high,no,Stretching / Mobility,Rotação interna do ombro.gif,,C:\Users\ADMIN\Desktop\gif exercises\BIBLIOTECA DE EJERCICIOS\8° MANUAL DE ESTIRAMIENTO Y MOVILIDAD\GIFs DE ESTIRAMIENTO Y MOVILIDAD\Rotação interna do ombro.gif
rotation-internal-of-the-hip-seated-with-resistance-band,Rotation internal of the hip seated with resistance band,stretching_mobility,,high,no,Stretching / Mobility,Rotação Interna do Quadril Sentado com Faixa Elástica.gif,,C:\Users\ADMIN\Desktop\gif exercises\BIBLIOTECA DE EJERCICIOS\8° MANUAL DE ESTIRAMIENTO Y MOVILIDAD\GIFs DE ESTIRAMIENTO Y MOVILIDAD\Rotação Interna do Quadril Sentado com Faixa Elástica.gif
rotation-for-behind-of-knees,Rotation for behind of knees,stretching_mobility,,high,no,Stretching / Mobility,Rotação para trás de joelhos.gif,,C:\Users\ADMIN\Desktop\gif exercises\BIBLIOTECA DE EJERCICIOS\8° MANUAL DE ESTIRAMIENTO Y MOVILIDAD\GIFs DE ESTIRAMIENTO Y MOVILIDAD\Rotação para trás de joelhos.gif
superman,Superman,stretching_mobility,,high,yes,Stretching / Mobility,Superman.gif,,C:\Users\ADMIN\Desktop\gif exercises\BIBLIOTECA DE EJERCICIOS\8° MANUAL DE ESTIRAMIENTO Y MOVILIDAD\GIFs DE ESTIRAMIENTO Y MOVILIDAD\Superman.gif
touch-lateral-of-the-toes-of-the-feet-standing,Touch lateral of the toes of the feet standing,stretching_mobility,,high,no,Stretching / Mobility,Toque Lateral dos Dedos dos Pés em Pé.gif,,C:\Users\ADMIN\Desktop\gif exercises\BIBLIOTECA DE EJERCICIOS\8° MANUAL DE ESTIRAMIENTO Y MOVILIDAD\GIFs DE ESTIRAMIENTO Y MOVILIDAD\Toque Lateral dos Dedos dos Pés em Pé.gif
touch-on-toes-of-the-feet-standing,Touch on toes of the feet standing,stretching_mobility,,high,no,Stretching / Mobility,Toque nos Dedos dos Pés em Pé.gif,,C:\Users\ADMIN\Desktop\gif exercises\BIBLIOTECA DE EJERCICIOS\8° MANUAL DE ESTIRAMIENTO Y MOVILIDAD\GIFs DE ESTIRAMIENTO Y MOVILIDAD\Toque nos Dedos dos Pés em Pé.gif
touch-on-toes-of-the-feet-seated,Touch on toes of the feet seated,stretching_mobility,,high,no,Stretching / Mobility,Toque nos Dedos dos Pés Sentado.gif,,C:\Users\ADMIN\Desktop\gif exercises\BIBLIOTECA DE EJERCICIOS\8° MANUAL DE ESTIRAMIENTO Y MOVILIDAD\GIFs DE ESTIRAMIENTO Y MOVILIDAD\Toque nos Dedos dos Pés Sentado.gif
taps-of-toes-standing,Taps of toes standing,stretching_mobility,,high,no,Stretching / Mobility,Toques de Dedos em Pé.gif,,C:\Users\ADMIN\Desktop\gif exercises\BIBLIOTECA DE EJERCICIOS\8° MANUAL DE ESTIRAMIENTO Y MOVILIDAD\GIFs DE ESTIRAMIENTO Y MOVILIDAD\Toques de Dedos em Pé.gif
twist-oblique-seated,Twist oblique seated,stretching_mobility,,high,no,Stretching / Mobility,Torção Oblíqua Sentada.gif,,C:\Users\ADMIN\Desktop\gif exercises\BIBLIOTECA DE EJERCICIOS\8° MANUAL DE ESTIRAMIENTO Y MOVILIDAD\GIFs DE ESTIRAMIENTO Y MOVILIDAD\Torção Oblíqua Sentada.gif
